driver_id,driver_name,vehicle_id,warehouse_id,experience_years
DRV0001,Aarav Sharma,VEH0001,WH001,8
DRV0002,Vihaan Sharma,VEH0002,WH002,8
DRV0003,Aditya Sharma,VEH0003,WH003,14
DRV0004,Arjun Sharma,VEH0004,WH004,3
DRV0005,Rohan Sharma,VEH0005,WH005,5
DRV0006,Rahul Sharma,VEH0006,WH006,3
DRV0007,Kiran Sharma,VEH0007,WH001,4
DRV0008,Ananya Sharma,VEH0008,WH002,14
DRV0009,Diya Sharma,VEH0009,WH003,15
DRV0010,Ishita Sharma,VEH0010,WH004,1
DRV0011,Priya Sharma,VEH0011,WH005,10
DRV0012,Neha Sharma,VEH0012,WH006,4
DRV0013,Sneha Reddy,VEH0013,WH001,3
DRV0014,Meera Reddy,VEH0014,WH002,5
DRV0015,Kavya Reddy,VEH0015,WH003,3
DRV0016,Aarav Reddy,VEH0016,WH004,8
DRV0017,Vihaan Reddy,VEH0017,WH005,15
DRV0018,Aditya Reddy,VEH0018,WH006,9
DRV0019,Arjun Reddy,VEH0019,WH001,11
DRV0020,Rohan Reddy,VEH0020,WH002,8
DRV0021,Rahul Reddy,VEH0021,WH003,1
DRV0022,Kiran Reddy,VEH0022,WH004,2
DRV0023,Ananya Reddy,VEH0023,WH005,5
DRV0024,Diya Reddy,VEH0024,WH006,4
DRV0025,Ishita Reddy,VEH0025,WH001,13
DRV0026,Priya Reddy,VEH0026,WH002,13
DRV0027,Neha Reddy,VEH0027,WH003,13
DRV0028,Sneha Patel,VEH0028,WH004,10
DRV0029,Meera Patel,VEH0029,WH005,9
DRV0030,Kavya Patel,VEH0030,WH006,10
DRV0031,Aarav Patel,VEH0031,WH001,7
DRV0032,Vihaan Patel,VEH0032,WH002,11
DRV0033,Aditya Patel,VEH0033,WH003,12
DRV0034,Arjun Patel,VEH0034,WH004,12
DRV0035,Rohan Patel,VEH0035,WH005,10
DRV0036,Rahul Patel,VEH0036,WH006,1
DRV0037,Kiran Patel,VEH0037,WH001,11
DRV0038,Ananya Patel,VEH0038,WH002,6
DRV0039,Diya Patel,VEH0039,WH003,12
DRV0040,Ishita Patel,VEH0040,WH004,9
DRV0041,Priya Patel,VEH0041,WH005,14
DRV0042,Neha Patel,VEH0042,WH006,6
DRV0043,Sneha Kumar,VEH0043,WH001,14
DRV0044,Meera Kumar,VEH0044,WH002,13
DRV0045,Kavya Kumar,VEH0045,WH003,5
DRV0046,Aarav Kumar,VEH0046,WH004,8
DRV0047,Vihaan Kumar,VEH0047,WH005,8
DRV0048,Aditya Kumar,VEH0048,WH006,12
DRV0049,Arjun Kumar,VEH0049,WH001,11
DRV0050,Rohan Kumar,VEH0050,WH002,13
DRV0051,Rahul Kumar,VEH0051,WH003,6
DRV0052,Kiran Kumar,VEH0052,WH004,8
DRV0053,Ananya Kumar,VEH0053,WH005,7
DRV0054,Diya Kumar,VEH0054,WH006,14
DRV0055,Ishita Kumar,VEH0055,WH001,5
DRV0056,Priya Kumar,VEH0056,WH002,9
DRV0057,Neha Kumar,VEH0057,WH003,2
DRV0058,Sneha Singh,VEH0058,WH004,13
DRV0059,Meera Singh,VEH0059,WH005,6
DRV0060,Kavya Singh,VEH0060,WH006,6
DRV0061,Aarav Singh,VEH0061,WH001,9
DRV0062,Vihaan Singh,VEH0062,WH002,8
DRV0063,Aditya Singh,VEH0063,WH003,13
DRV0064,Arjun Singh,VEH0064,WH004,8
DRV0065,Rohan Singh,VEH0065,WH005,8
DRV0066,Rahul Singh,VEH0066,WH006,2
DRV0067,Kiran Singh,VEH0067,WH001,1
DRV0068,Ananya Singh,VEH0068,WH002,6
DRV0069,Diya Singh,VEH0069,WH003,15
DRV0070,Ishita Singh,VEH0070,WH004,14
DRV0071,Priya Singh,VEH0071,WH005,10
DRV0072,Neha Singh,VEH0072,WH006,10
DRV0073,Sneha Gupta,VEH0073,WH001,6
DRV0074,Meera Gupta,VEH0074,WH002,3
DRV0075,Kavya Gupta,VEH0075,WH003,1
DRV0076,Aarav Gupta,VEH0076,WH004,6
DRV0077,Vihaan Gupta,VEH0077,WH005,5
DRV0078,Aditya Gupta,VEH0078,WH006,3
DRV0079,Arjun Gupta,VEH0079,WH001,4
DRV0080,Rohan Gupta,VEH0080,WH002,1
DRV0081,Rahul Gupta,VEH0081,WH003,10
DRV0082,Kiran Gupta,VEH0082,WH004,14
DRV0083,Ananya Gupta,VEH0083,WH005,11
DRV0084,Diya Gupta,VEH0084,WH006,7
DRV0085,Ishita Gupta,VEH0085,WH001,7
DRV0086,Priya Gupta,VEH0086,WH002,5
DRV0087,Neha Gupta,VEH0087,WH003,3
DRV0088,Sneha Rao,VEH0088,WH004,9
DRV0089,Meera Rao,VEH0089,WH005,9
DRV0090,Kavya Rao,VEH0090,WH006,1
DRV0091,Aarav Rao,VEH0091,WH001,7
DRV0092,Vihaan Rao,VEH0092,WH002,5
DRV0093,Aditya Rao,VEH0093,WH003,3
DRV0094,Arjun Rao,VEH0094,WH004,11
DRV0095,Rohan Rao,VEH0095,WH005,8
DRV0096,Rahul Rao,VEH0096,WH006,10
DRV0097,Kiran Rao,VEH0097,WH001,11
DRV0098,Ananya Rao,VEH0098,WH002,15
DRV0099,Diya Rao,VEH0099,WH003,13
DRV0100,Ishita Rao,VEH0100,WH004,10
DRV0101,Priya Rao,VEH0001,WH005,14
DRV0102,Neha Rao,VEH0002,WH006,8
DRV0103,Sneha Nair,VEH0003,WH001,15
DRV0104,Meera Nair,VEH0004,WH002,12
DRV0105,Kavya Nair,VEH0005,WH003,10
DRV0106,Aarav Nair,VEH0006,WH004,14
DRV0107,Vihaan Nair,VEH0007,WH005,8
DRV0108,Aditya Nair,VEH0008,WH006,11
DRV0109,Arjun Nair,VEH0009,WH001,5
DRV0110,Rohan Nair,VEH0010,WH002,15
DRV0111,Rahul Nair,VEH0011,WH003,10
DRV0112,Kiran Nair,VEH0012,WH004,12
DRV0113,Ananya Nair,VEH0013,WH005,7
DRV0114,Diya Nair,VEH0014,WH006,14
DRV0115,Ishita Nair,VEH0015,WH001,2
DRV0116,Priya Nair,VEH0016,WH002,2
DRV0117,Neha Nair,VEH0017,WH003,8
DRV0118,Sneha Iyer,VEH0018,WH004,11
DRV0119,Meera Iyer,VEH0019,WH005,13
DRV0120,Kavya Iyer,VEH0020,WH006,7
DRV0121,Aarav Iyer,VEH0021,WH001,10
DRV0122,Vihaan Iyer,VEH0022,WH002,9
DRV0123,Aditya Iyer,VEH0023,WH003,15
DRV0124,Arjun Iyer,VEH0024,WH004,10
DRV0125,Rohan Iyer,VEH0025,WH005,7
DRV0126,Rahul Iyer,VEH0026,WH006,15
DRV0127,Kiran Iyer,VEH0027,WH001,2
DRV0128,Ananya Iyer,VEH0028,WH002,15
DRV0129,Diya Iyer,VEH0029,WH003,3
DRV0130,Ishita Iyer,VEH0030,WH004,5
DRV0131,Priya Iyer,VEH0031,WH005,13
DRV0132,Neha Iyer,VEH0032,WH006,12
DRV0133,Sneha Verma,VEH0033,WH001,15
DRV0134,Meera Verma,VEH0034,WH002,12
DRV0135,Kavya Verma,VEH0035,WH003,10
DRV0136,Aarav Verma,VEH0036,WH004,6
DRV0137,Vihaan Verma,VEH0037,WH005,1
DRV0138,Aditya Verma,VEH0038,WH006,2
DRV0139,Arjun Verma,VEH0039,WH001,5
DRV0140,Rohan Verma,VEH0040,WH002,1
DRV0141,Rahul Verma,VEH0041,WH003,8
DRV0142,Kiran Verma,VEH0042,WH004,12
DRV0143,Ananya Verma,VEH0043,WH005,15
DRV0144,Diya Verma,VEH0044,WH006,8
DRV0145,Ishita Verma,VEH0045,WH001,14
DRV0146,Priya Verma,VEH0046,WH002,15
DRV0147,Neha Verma,VEH0047,WH003,13
DRV0148,Sneha Sharma,VEH0048,WH004,7
DRV0149,Meera Sharma,VEH0049,WH005,5
DRV0150,Kavya Sharma,VEH0050,WH006,15
DRV0151,Aarav Sharma,VEH0051,WH001,4
DRV0152,Vihaan Sharma,VEH0052,WH002,7
DRV0153,Aditya Sharma,VEH0053,WH003,2
DRV0154,Arjun Sharma,VEH0054,WH004,12
DRV0155,Rohan Sharma,VEH0055,WH005,10
DRV0156,Rahul Sharma,VEH0056,WH006,2
DRV0157,Kiran Sharma,VEH0057,WH001,4
DRV0158,Ananya Sharma,VEH0058,WH002,9
DRV0159,Diya Sharma,VEH0059,WH003,9
DRV0160,Ishita Sharma,VEH0060,WH004,13
DRV0161,Priya Sharma,VEH0061,WH005,4
DRV0162,Neha Sharma,VEH0062,WH006,14
DRV0163,Sneha Reddy,VEH0063,WH001,7
DRV0164,Meera Reddy,VEH0064,WH002,13
DRV0165,Kavya Reddy,VEH0065,WH003,4
DRV0166,Aarav Reddy,VEH0066,WH004,1
DRV0167,Vihaan Reddy,VEH0067,WH005,1
DRV0168,Aditya Reddy,VEH0068,WH006,6
DRV0169,Arjun Reddy,VEH0069,WH001,15
DRV0170,Rohan Reddy,VEH0070,WH002,1
DRV0171,Rahul Reddy,VEH0071,WH003,6
DRV0172,Kiran Reddy,VEH0072,WH004,2
DRV0173,Ananya Reddy,VEH0073,WH005,14
DRV0174,Diya Reddy,VEH0074,WH006,11
DRV0175,Ishita Reddy,VEH0075,WH001,12
DRV0176,Priya Reddy,VEH0076,WH002,11
DRV0177,Neha Reddy,VEH0077,WH003,10
DRV0178,Sneha Patel,VEH0078,WH004,12
DRV0179,Meera Patel,VEH0079,WH005,1
DRV0180,Kavya Patel,VEH0080,WH006,13
DRV0181,Aarav Patel,VEH0081,WH001,12
DRV0182,Vihaan Patel,VEH0082,WH002,12
DRV0183,Aditya Patel,VEH0083,WH003,6
DRV0184,Arjun Patel,VEH0084,WH004,13
DRV0185,Rohan Patel,VEH0085,WH005,6
DRV0186,Rahul Patel,VEH0086,WH006,1
DRV0187,Kiran Patel,VEH0087,WH001,14
DRV0188,Ananya Patel,VEH0088,WH002,4
DRV0189,Diya Patel,VEH0089,WH003,2
DRV0190,Ishita Patel,VEH0090,WH004,10
DRV0191,Priya Patel,VEH0091,WH005,4
DRV0192,Neha Patel,VEH0092,WH006,13
DRV0193,Sneha Kumar,VEH0093,WH001,7
DRV0194,Meera Kumar,VEH0094,WH002,1
DRV0195,Kavya Kumar,VEH0095,WH003,15
DRV0196,Aarav Kumar,VEH0096,WH004,8
DRV0197,Vihaan Kumar,VEH0097,WH005,4
DRV0198,Aditya Kumar,VEH0098,WH006,11
DRV0199,Arjun Kumar,VEH0099,WH001,8
DRV0200,Rohan Kumar,VEH0100,WH002,1
