customer_id,customer_name,city,state,country,customer_type,registration_date
CUST00001,Aarav Sharma,Hyderabad,Telangana,India,Retail,2024-03-21
CUST00002,Vihaan Sharma,Mumbai,Maharashtra,India,Business,2025-11-27
CUST00003,Aditya Sharma,Bengaluru,Karnataka,India,Enterprise,2025-08-12
CUST00004,Arjun Sharma,Chennai,Tamil Nadu,India,Retail,2025-01-29
CUST00005,Rohan Sharma,New Delhi,Delhi,India,Business,2025-01-24
CUST00006,Rahul Sharma,Ahmedabad,Gujarat,India,Enterprise,2026-02-11
CUST00007,Kiran Sharma,Kolkata,West Bengal,India,Retail,2024-03-18
CUST00008,Ananya Sharma,,Rajasthan,India,Business,2025-09-19
CUST00009,Diya Sharma,Lucknow,Uttar Pradesh,India,Enterprise,2024-06-30
CUST00010,Ishita Sharma,Kochi,Kerala,India,Retail,2024-03-25
CUST00011,Priya Sharma,Hyderabad,Telangana,India,Business,2025-04-18
CUST00012,Neha Sharma,Mumbai,Maharashtra,India,Enterprise,2026-05-28
CUST00013,Sneha Sharma,Bengaluru,Karnataka,India,Retail,2025-10-24
CUST00014,Meera Sharma,Chennai,Tamil Nadu,India,Business,2025-11-16
CUST00015,Kavya Sharma,New Delhi,Delhi,India,Enterprise,2025-10-07
CUST00016,Aarav Reddy,Ahmedabad,Gujarat,India,Retail,2025-12-08
CUST00017,Vihaan Reddy,Kolkata,West Bengal,India,Business,2025-04-06
CUST00018,Aditya Reddy,Jaipur,Rajasthan,India,Enterprise,2024-04-25
CUST00019,Arjun Reddy,Lucknow,Uttar Pradesh,India,Retail,2026-01-25
CUST00020,Rohan Reddy,Kochi,Kerala,India,Business,2025-02-09
CUST00021,Rahul Reddy,Hyderabad,Telangana,India,Enterprise,2025-03-26
CUST00022,Kiran Reddy,Mumbai,Maharashtra,India,Retail,2024-11-29
CUST00023,Ananya Reddy,Bengaluru,Karnataka,India,Business,2024-06-13
CUST00024,Diya Reddy,Chennai,Tamil Nadu,India,Enterprise,2026-04-14
CUST00025,Ishita Reddy,New Delhi,Delhi,India,Retail,2025-12-04
CUST00026,Priya Reddy,Ahmedabad,Gujarat,India,Business,2025-08-02
CUST00027,Neha Reddy,Kolkata,West Bengal,India,Enterprise,2024-12-28
CUST00028,Sneha Reddy,Jaipur,Rajasthan,India,Retail,2026-01-10
CUST00029,Meera Reddy,Lucknow,Uttar Pradesh,India,Business,2025-05-05
CUST00030,Kavya Reddy,Kochi,Kerala,India,Enterprise,2025-02-03
CUST00031,Aarav Patel,Hyderabad,Telangana,India,Retail,2025-02-09
CUST00032,Vihaan Patel,Mumbai,Maharashtra,India,Business,2024-07-23
CUST00033,Aditya Patel,Bengaluru,Karnataka,India,Enterprise,2024-03-23
CUST00034,Arjun Patel,Chennai,Tamil Nadu,India,Retail,2025-05-14
CUST00035,Rohan Patel,New Delhi,Delhi,India,Business,2026-03-10
CUST00036,Rahul Patel,Ahmedabad,Gujarat,India,Enterprise,2024-02-27
CUST00037,Kiran Patel,Kolkata,West Bengal,India,Retail,2026-02-11
CUST00038,Ananya Patel,Jaipur,Rajasthan,India,Business,2026-01-14
CUST00039,Diya Patel,Lucknow,Uttar Pradesh,India,Enterprise,2024-09-06
CUST00040,Ishita Patel,Kochi,Kerala,India,Retail,2025-07-22
CUST00041,Priya Patel,Hyderabad,Telangana,India,Business,2024-05-28
CUST00042,Neha Patel,Mumbai,Maharashtra,India,Enterprise,2025-11-13
CUST00043,Sneha Patel,Bengaluru,Karnataka,India,Retail,2025-09-22
CUST00044,Meera Patel,Chennai,Tamil Nadu,India,Business,2024-11-15
CUST00045,Kavya Patel,New Delhi,Delhi,India,Enterprise,2024-03-02
CUST00046,Aarav Kumar,Ahmedabad,Gujarat,India,Retail,2026-05-23
CUST00047,Vihaan Kumar,Kolkata,West Bengal,India,Business,2025-02-05
CUST00048,Aditya Kumar,Jaipur,Rajasthan,India,Enterprise,2026-03-14
CUST00049,Arjun Kumar,Lucknow,Uttar Pradesh,India,Retail,2025-09-02
CUST00050,Rohan Kumar,Kochi,Kerala,India,Business,2025-12-01
CUST00051,Rahul Kumar,Hyderabad,Telangana,India,Enterprise,2025-11-14
CUST00052,Kiran Kumar,Mumbai,Maharashtra,India,Retail,2024-06-24
CUST00053,Ananya Kumar,Bengaluru,Karnataka,India,Business,2024-11-23
CUST00054,Diya Kumar,Chennai,Tamil Nadu,India,Enterprise,2025-02-24
CUST00055,Ishita Kumar,New Delhi,Delhi,India,Retail,2025-03-24
CUST00056,Priya Kumar,Ahmedabad,Gujarat,India,Business,2024-02-09
CUST00057,Neha Kumar,Kolkata,West Bengal,India,Enterprise,2025-05-06
CUST00058,Sneha Kumar,Jaipur,Rajasthan,India,Retail,2024-05-18
CUST00059,Meera Kumar,Lucknow,Uttar Pradesh,India,Business,2025-10-31
CUST00060,Kavya Kumar,Kochi,Kerala,India,Enterprise,2025-09-06
CUST00061,Aarav Singh,Hyderabad,Telangana,India,Retail,2026-04-10
CUST00062,Vihaan Singh,Mumbai,Maharashtra,India,Business,2025-11-01
CUST00063,Aditya Singh,Bengaluru,Karnataka,India,Enterprise,2024-11-25
CUST00064,Arjun Singh,Chennai,Tamil Nadu,India,Retail,2026-05-20
CUST00065,Rohan Singh,New Delhi,Delhi,India,Business,2025-01-04
CUST00066,Rahul Singh,Ahmedabad,Gujarat,India,Enterprise,2024-10-20
CUST00067,Kiran Singh,Kolkata,West Bengal,India,Retail,2026-03-25
CUST00068,Ananya Singh,Jaipur,Rajasthan,India,Business,2024-11-29
CUST00069,Diya Singh,Lucknow,Uttar Pradesh,India,Enterprise,2024-03-09
CUST00070,Ishita Singh,Kochi,Kerala,India,Retail,2025-02-26
CUST00071,Priya Singh,Hyderabad,Telangana,India,Business,2025-12-17
CUST00072,Neha Singh,Mumbai,Maharashtra,India,Enterprise,2024-06-19
CUST00073,Sneha Singh,Bengaluru,Karnataka,India,Retail,2025-02-20
CUST00074,Meera Singh,Chennai,Tamil Nadu,India,Business,2024-04-26
CUST00075,Kavya Singh,New Delhi,Delhi,India,Enterprise,2025-09-09
CUST00076,Aarav Gupta,Ahmedabad,Gujarat,India,Retail,2025-03-04
CUST00077,Vihaan Gupta,Kolkata,West Bengal,India,Business,2024-10-24
CUST00078,Aditya Gupta,Jaipur,Rajasthan,India,Enterprise,2024-07-23
CUST00079,Arjun Gupta,Lucknow,Uttar Pradesh,India,Retail,2025-05-23
CUST00080,Rohan Gupta,Kochi,Kerala,India,Business,2025-08-25
CUST00081,Rahul Gupta,Hyderabad,Telangana,India,Enterprise,2026-04-26
CUST00082,Kiran Gupta,Mumbai,Maharashtra,India,Retail,2025-01-28
CUST00083,Ananya Gupta,Bengaluru,Karnataka,India,Business,2024-05-24
CUST00084,Diya Gupta,Chennai,Tamil Nadu,India,Enterprise,2026-01-19
CUST00085,Ishita Gupta,New Delhi,Delhi,India,Retail,2025-07-20
CUST00086,Priya Gupta,Ahmedabad,Gujarat,India,Business,2025-09-22
CUST00087,Neha Gupta,Kolkata,West Bengal,India,Enterprise,2024-03-28
CUST00088,Sneha Gupta,Jaipur,Rajasthan,India,Retail,2024-10-08
CUST00089,Meera Gupta,Lucknow,Uttar Pradesh,India,Business,2025-11-22
CUST00090,Kavya Gupta,Kochi,Kerala,India,Enterprise,2026-01-19
CUST00091,Aarav Rao,Hyderabad,Telangana,India,Retail,2025-01-26
CUST00092,Vihaan Rao,Mumbai,Maharashtra,India,Business,2025-12-25
CUST00093,Aditya Rao,Bengaluru,Karnataka,India,Enterprise,2026-01-27
CUST00094,Arjun Rao,Chennai,Tamil Nadu,India,Retail,2024-12-14
CUST00095,Rohan Rao,New Delhi,Delhi,India,Business,2026-03-19
CUST00096,Rahul Rao,Ahmedabad,Gujarat,India,Enterprise,2024-09-16
CUST00097,Kiran Rao,Kolkata,West Bengal,India,Retail,2024-08-03
CUST00098,Ananya Rao,Jaipur,Rajasthan,India,Business,2025-09-06
CUST00099,Diya Rao,Lucknow,Uttar Pradesh,India,Enterprise,2025-07-27
CUST00100,Ishita Rao,Kochi,Kerala,India,Retail,2024-05-05
CUST00101,Priya Rao,Hyderabad,Telangana,India,Business,2026-01-19
CUST00102,Neha Rao,Mumbai,Maharashtra,India,Enterprise,2024-06-28
CUST00103,Sneha Rao,Bengaluru,Karnataka,India,Retail,2025-12-25
CUST00104,Meera Rao,Chennai,Tamil Nadu,India,Business,2024-01-07
CUST00105,Kavya Rao,New Delhi,Delhi,India,Enterprise,2025-12-18
CUST00106,Aarav Nair,Ahmedabad,Gujarat,India,Retail,2025-12-09
CUST00107,Vihaan Nair,Kolkata,West Bengal,India,Business,2025-12-03
CUST00108,Aditya Nair,Jaipur,Rajasthan,India,Enterprise,2025-08-21
CUST00109,Arjun Nair,Lucknow,Uttar Pradesh,India,Retail,2025-02-28
CUST00110,Rohan Nair,Kochi,Kerala,India,Business,2025-09-26
CUST00111,Rahul Nair,Hyderabad,Telangana,India,Enterprise,2024-09-06
CUST00112,Kiran Nair,Mumbai,Maharashtra,India,Retail,2025-12-03
CUST00113,Ananya Nair,Bengaluru,Karnataka,India,Business,2025-05-15
CUST00114,Diya Nair,Chennai,Tamil Nadu,India,Enterprise,2025-02-17
CUST00115,Ishita Nair,New Delhi,Delhi,India,Retail,2025-03-31
CUST00116,Priya Nair,Ahmedabad,Gujarat,India,Business,2025-05-26
CUST00117,Neha Nair,Kolkata,West Bengal,India,Enterprise,2024-02-03
CUST00118,Sneha Nair,Jaipur,Rajasthan,India,Retail,2024-05-05
CUST00119,Meera Nair,Lucknow,Uttar Pradesh,India,Business,2024-08-08
CUST00120,Kavya Nair,Kochi,Kerala,India,Enterprise,2024-04-13
CUST00121,Aarav Iyer,Hyderabad,Telangana,India,Retail,2025-01-30
CUST00122,Vihaan Iyer,Mumbai,Maharashtra,India,Business,2025-08-24
CUST00123,Aditya Iyer,Bengaluru,Karnataka,India,Enterprise,2025-08-11
CUST00124,Arjun Iyer,Chennai,Tamil Nadu,India,Retail,2025-02-27
CUST00125,Rohan Iyer,New Delhi,Delhi,India,Business,2026-02-08
CUST00126,Rahul Iyer,Ahmedabad,Gujarat,India,Enterprise,2025-05-23
CUST00127,Kiran Iyer,Kolkata,West Bengal,India,Retail,2024-03-12
CUST00128,Ananya Iyer,Jaipur,Rajasthan,India,Business,2025-11-19
CUST00129,Diya Iyer,Lucknow,Uttar Pradesh,India,Enterprise,2025-06-01
CUST00130,Ishita Iyer,Kochi,Kerala,India,Retail,2025-07-25
CUST00131,Priya Iyer,Hyderabad,Telangana,India,Business,2025-05-23
CUST00132,Neha Iyer,Mumbai,Maharashtra,India,Enterprise,2025-05-13
CUST00133,Sneha Iyer,Bengaluru,Karnataka,India,Retail,2024-03-22
CUST00134,Meera Iyer,Chennai,Tamil Nadu,India,Business,2025-05-18
CUST00135,Kavya Iyer,New Delhi,Delhi,India,Enterprise,2025-12-16
CUST00136,Aarav Verma,Ahmedabad,Gujarat,India,Retail,2024-09-30
CUST00137,Vihaan Verma,Kolkata,West Bengal,India,Business,2025-06-26
CUST00138,Aditya Verma,Jaipur,Rajasthan,India,Enterprise,2024-01-28
CUST00139,Arjun Verma,Lucknow,Uttar Pradesh,India,Retail,2024-11-08
CUST00140,Rohan Verma,Kochi,Kerala,India,Business,2025-01-28
CUST00141,Rahul Verma,Hyderabad,Telangana,India,Enterprise,2026-06-03
CUST00142,Kiran Verma,Mumbai,Maharashtra,India,Retail,2024-07-12
CUST00143,Ananya Verma,Bengaluru,Karnataka,India,Business,2024-09-05
CUST00144,Diya Verma,Chennai,Tamil Nadu,India,Enterprise,2025-01-02
CUST00145,Ishita Verma,New Delhi,Delhi,India,Retail,2026-06-12
CUST00146,Priya Verma,Ahmedabad,Gujarat,India,Business,2026-02-07
CUST00147,Neha Verma,Kolkata,West Bengal,India,Enterprise,2024-02-01
CUST00148,Sneha Verma,Jaipur,Rajasthan,India,Retail,2024-07-29
CUST00149,Meera Verma,Lucknow,Uttar Pradesh,India,Business,2026-01-09
CUST00150,Kavya Verma,Kochi,Kerala,India,Enterprise,2024-02-22
CUST00151,Aarav Sharma,Hyderabad,Telangana,India,Retail,2026-02-09
CUST00152,Vihaan Sharma,Mumbai,Maharashtra,India,Business,2024-09-10
CUST00153,Aditya Sharma,Bengaluru,Karnataka,India,Enterprise,2026-04-05
CUST00154,Arjun Sharma,Chennai,Tamil Nadu,India,Retail,2024-09-21
CUST00155,Rohan Sharma,New Delhi,Delhi,India,Business,2025-01-25
CUST00156,Rahul Sharma,Ahmedabad,Gujarat,India,Enterprise,2025-08-18
CUST00157,Kiran Sharma,Kolkata,West Bengal,India,Retail,2024-04-23
CUST00158,Ananya Sharma,Jaipur,Rajasthan,India,Business,2025-05-16
CUST00159,Diya Sharma,Lucknow,Uttar Pradesh,India,Enterprise,2025-03-30
CUST00160,Ishita Sharma,Kochi,Kerala,India,Retail,2025-12-06
CUST00161,Priya Sharma,Hyderabad,Telangana,India,Business,2026-06-15
CUST00162,Neha Sharma,Mumbai,Maharashtra,India,Enterprise,2025-08-20
CUST00163,Sneha Sharma,Bengaluru,Karnataka,India,Retail,2025-01-03
CUST00164,Meera Sharma,Chennai,Tamil Nadu,India,Business,2024-12-31
CUST00165,Kavya Sharma,New Delhi,Delhi,India,Enterprise,2025-01-11
CUST00166,Aarav Reddy,Ahmedabad,Gujarat,India,Retail,2026-01-02
CUST00167,Vihaan Reddy,Kolkata,West Bengal,India,Business,2024-10-16
CUST00168,Aditya Reddy,Jaipur,Rajasthan,India,Enterprise,2024-05-30
CUST00169,Arjun Reddy,Lucknow,Uttar Pradesh,India,Retail,2024-10-27
CUST00170,Rohan Reddy,Kochi,Kerala,India,Business,2024-01-21
CUST00171,Rahul Reddy,Hyderabad,Telangana,India,Enterprise,2024-04-05
CUST00172,Kiran Reddy,Mumbai,Maharashtra,India,Retail,2024-03-22
CUST00173,Ananya Reddy,Bengaluru,Karnataka,India,Business,2025-11-25
CUST00174,Diya Reddy,Chennai,Tamil Nadu,India,Enterprise,2025-10-12
CUST00175,Ishita Reddy,New Delhi,Delhi,India,Retail,2025-09-19
CUST00176,Priya Reddy,Ahmedabad,Gujarat,India,Business,2025-02-19
CUST00177,Neha Reddy,Kolkata,West Bengal,India,Enterprise,2025-10-07
CUST00178,Sneha Reddy,Jaipur,Rajasthan,India,Retail,2024-05-25
CUST00179,Meera Reddy,Lucknow,Uttar Pradesh,India,Business,2026-03-21
CUST00180,Kavya Reddy,Kochi,Kerala,India,Enterprise,2025-03-26
CUST00181,Aarav Patel,Hyderabad,Telangana,India,Retail,2026-04-24
CUST00182,Vihaan Patel,Mumbai,Maharashtra,India,Business,2024-05-17
CUST00183,Aditya Patel,Bengaluru,Karnataka,India,Enterprise,2025-03-23
CUST00184,Arjun Patel,Chennai,Tamil Nadu,India,Retail,2025-09-18
CUST00185,Rohan Patel,New Delhi,Delhi,India,Business,2025-03-22
CUST00186,Rahul Patel,Ahmedabad,Gujarat,India,Enterprise,2025-02-05
CUST00187,Kiran Patel,Kolkata,West Bengal,India,Retail,2024-05-29
CUST00188,Ananya Patel,Jaipur,Rajasthan,India,Business,2024-12-08
CUST00189,Diya Patel,Lucknow,Uttar Pradesh,India,Enterprise,2024-08-02
CUST00190,Ishita Patel,Kochi,Kerala,India,Retail,2024-09-28
CUST00191,Priya Patel,Hyderabad,Telangana,India,Business,2025-09-07
CUST00192,Neha Patel,Mumbai,Maharashtra,India,Enterprise,2025-07-21
CUST00193,Sneha Patel,Bengaluru,Karnataka,India,Retail,2025-06-30
CUST00194,Meera Patel,Chennai,Tamil Nadu,India,Business,2024-11-21
CUST00195,Kavya Patel,New Delhi,Delhi,India,Enterprise,2026-05-13
CUST00196,Aarav Kumar,Ahmedabad,Gujarat,India,Retail,2024-03-19
CUST00197,Vihaan Kumar,Kolkata,West Bengal,India,Business,2024-11-04
CUST00198,Aditya Kumar,Jaipur,Rajasthan,India,Enterprise,2024-04-16
CUST00199,Arjun Kumar,Lucknow,Uttar Pradesh,India,Retail,2024-11-01
CUST00200,Rohan Kumar,Kochi,Kerala,India,Business,2026-05-15
CUST00201,Rahul Kumar,Hyderabad,Telangana,India,Enterprise,2024-11-25
CUST00202,Kiran Kumar,Mumbai,Maharashtra,India,Retail,2026-03-28
CUST00203,Ananya Kumar,Bengaluru,Karnataka,India,Business,2025-03-21
CUST00204,Diya Kumar,Chennai,Tamil Nadu,India,Enterprise,2025-09-21
CUST00205,Ishita Kumar,New Delhi,Delhi,India,Retail,2025-02-15
CUST00206,Priya Kumar,Ahmedabad,Gujarat,India,Business,2024-08-27
CUST00207,Neha Kumar,Kolkata,West Bengal,India,Enterprise,2025-11-18
CUST00208,Sneha Kumar,Jaipur,Rajasthan,India,Retail,2026-05-22
CUST00209,Meera Kumar,Lucknow,Uttar Pradesh,India,Business,2024-08-25
CUST00210,Kavya Kumar,Kochi,Kerala,India,Enterprise,2025-12-01
CUST00211,Aarav Singh,Hyderabad,Telangana,India,Retail,2024-08-23
CUST00212,Vihaan Singh,Mumbai,Maharashtra,India,Business,2025-10-07
CUST00213,Aditya Singh,Bengaluru,Karnataka,India,Enterprise,2025-12-11
CUST00214,Arjun Singh,Chennai,Tamil Nadu,India,Retail,2025-02-08
CUST00215,Rohan Singh,New Delhi,Delhi,India,Business,2025-10-25
CUST00216,Rahul Singh,Ahmedabad,Gujarat,India,Enterprise,2024-09-02
CUST00217,Kiran Singh,Kolkata,West Bengal,India,Retail,2024-03-12
CUST00218,Ananya Singh,Jaipur,Rajasthan,India,Business,2024-03-27
CUST00219,Diya Singh,Lucknow,Uttar Pradesh,India,Enterprise,2025-02-06
CUST00220,Ishita Singh,Kochi,Kerala,India,Retail,2026-03-23
CUST00221,Priya Singh,Hyderabad,Telangana,India,Business,2024-04-24
CUST00222,Neha Singh,Mumbai,Maharashtra,India,Enterprise,2025-02-14
CUST00223,Sneha Singh,Bengaluru,Karnataka,India,Retail,2025-09-25
CUST00224,Meera Singh,Chennai,Tamil Nadu,India,Business,2024-07-01
CUST00225,Kavya Singh,New Delhi,Delhi,India,Enterprise,2025-10-11
CUST00226,Aarav Gupta,Ahmedabad,Gujarat,India,Retail,2024-10-02
CUST00227,Vihaan Gupta,Kolkata,West Bengal,India,Business,2025-12-28
CUST00228,Aditya Gupta,Jaipur,Rajasthan,India,Enterprise,2025-06-05
CUST00229,Arjun Gupta,Lucknow,Uttar Pradesh,India,Retail,2025-05-07
CUST00230,Rohan Gupta,Kochi,Kerala,India,Business,2024-06-08
CUST00231,Rahul Gupta,Hyderabad,Telangana,India,Enterprise,2025-02-20
CUST00232,Kiran Gupta,Mumbai,Maharashtra,India,Retail,2026-02-09
CUST00233,Ananya Gupta,Bengaluru,Karnataka,India,Business,2024-01-18
CUST00234,Diya Gupta,Chennai,Tamil Nadu,India,Enterprise,2025-11-13
CUST00235,Ishita Gupta,New Delhi,Delhi,India,Retail,2025-03-19
CUST00236,Priya Gupta,Ahmedabad,Gujarat,India,Business,2025-10-09
CUST00237,Neha Gupta,Kolkata,West Bengal,India,Enterprise,2025-08-19
CUST00238,Sneha Gupta,Jaipur,Rajasthan,India,Retail,2025-01-23
CUST00239,Meera Gupta,Lucknow,Uttar Pradesh,India,Business,2024-10-04
CUST00240,Kavya Gupta,Kochi,Kerala,India,Enterprise,2025-07-18
CUST00241,Aarav Rao,Hyderabad,Telangana,India,Retail,2024-05-06
CUST00242,Vihaan Rao,Mumbai,Maharashtra,India,Business,2025-06-09
CUST00243,Aditya Rao,Bengaluru,Karnataka,India,Enterprise,2024-03-26
CUST00244,Arjun Rao,Chennai,Tamil Nadu,India,Retail,2025-08-07
CUST00245,Rohan Rao,New Delhi,Delhi,India,Business,2025-07-19
CUST00246,Rahul Rao,Ahmedabad,Gujarat,India,Enterprise,2024-03-16
CUST00247,Kiran Rao,Kolkata,West Bengal,India,Retail,2025-11-12
CUST00248,Ananya Rao,Jaipur,Rajasthan,India,Business,2025-01-09
CUST00249,Diya Rao,Lucknow,Uttar Pradesh,India,Enterprise,2025-12-09
CUST00250,Ishita Rao,Kochi,Kerala,India,Retail,2024-02-07
CUST00251,Priya Rao,Hyderabad,Telangana,India,Business,2024-06-10
CUST00252,Neha Rao,Mumbai,Maharashtra,India,Enterprise,2025-03-20
CUST00253,Sneha Rao,Bengaluru,Karnataka,India,Retail,2024-06-18
CUST00254,Meera Rao,Chennai,Tamil Nadu,India,Business,2024-10-23
CUST00255,Kavya Rao,New Delhi,Delhi,India,Enterprise,2025-08-17
CUST00256,Aarav Nair,Ahmedabad,Gujarat,India,Retail,2024-05-10
CUST00257,Vihaan Nair,Kolkata,West Bengal,India,Business,2025-09-01
CUST00258,Aditya Nair,Jaipur,Rajasthan,India,Enterprise,2024-04-03
CUST00259,Arjun Nair,Lucknow,Uttar Pradesh,India,Retail,2024-06-06
CUST00260,Rohan Nair,Kochi,Kerala,India,Business,2025-06-12
CUST00261,Rahul Nair,Hyderabad,Telangana,India,Enterprise,2025-12-15
CUST00262,Kiran Nair,Mumbai,Maharashtra,India,Retail,2024-06-02
CUST00263,Ananya Nair,Bengaluru,Karnataka,India,Business,2024-09-26
CUST00264,Diya Nair,Chennai,Tamil Nadu,India,Enterprise,2026-04-12
CUST00265,Ishita Nair,New Delhi,Delhi,India,Retail,2026-06-09
CUST00266,Priya Nair,Ahmedabad,Gujarat,India,Business,2025-06-06
CUST00267,Neha Nair,Kolkata,West Bengal,India,Enterprise,2025-02-06
CUST00268,Sneha Nair,Jaipur,Rajasthan,India,Retail,2024-11-08
CUST00269,Meera Nair,Lucknow,Uttar Pradesh,India,Business,2025-07-05
CUST00270,Kavya Nair,Kochi,Kerala,India,Enterprise,2025-06-15
CUST00271,Aarav Iyer,Hyderabad,Telangana,India,Retail,2024-09-22
CUST00272,Vihaan Iyer,Mumbai,Maharashtra,India,Business,2024-01-21
CUST00273,Aditya Iyer,Bengaluru,Karnataka,India,Enterprise,2024-05-16
CUST00274,Arjun Iyer,Chennai,Tamil Nadu,India,Retail,2026-05-12
CUST00275,Rohan Iyer,New Delhi,Delhi,India,Business,2025-01-11
CUST00276,Rahul Iyer,Ahmedabad,Gujarat,India,Enterprise,2025-03-10
CUST00277,Kiran Iyer,Kolkata,West Bengal,India,Retail,2025-02-24
CUST00278,Ananya Iyer,Jaipur,Rajasthan,India,Business,2025-12-05
CUST00279,Diya Iyer,Lucknow,Uttar Pradesh,India,Enterprise,2024-02-28
CUST00280,Ishita Iyer,Kochi,Kerala,India,Retail,2024-03-15
CUST00281,Priya Iyer,Hyderabad,Telangana,India,Business,2024-09-05
CUST00282,Neha Iyer,Mumbai,Maharashtra,India,Enterprise,2025-03-13
CUST00283,Sneha Iyer,Bengaluru,Karnataka,India,Retail,2025-08-27
CUST00284,Meera Iyer,Chennai,Tamil Nadu,India,Business,2025-03-17
CUST00285,Kavya Iyer,New Delhi,Delhi,India,Enterprise,2025-02-01
CUST00286,Aarav Verma,Ahmedabad,Gujarat,India,Retail,2026-04-24
CUST00287,Vihaan Verma,Kolkata,West Bengal,India,Business,2024-05-24
CUST00288,Aditya Verma,Jaipur,Rajasthan,India,Enterprise,2025-05-29
CUST00289,Arjun Verma,Lucknow,Uttar Pradesh,India,Retail,2025-05-03
CUST00290,Rohan Verma,Kochi,Kerala,India,Business,2025-03-02
CUST00291,Rahul Verma,Hyderabad,Telangana,India,Enterprise,2025-12-27
CUST00292,Kiran Verma,Mumbai,Maharashtra,India,Retail,2024-08-28
CUST00293,Ananya Verma,Bengaluru,Karnataka,India,Business,2026-05-08
CUST00294,Diya Verma,Chennai,Tamil Nadu,India,Enterprise,2024-10-25
CUST00295,Ishita Verma,New Delhi,Delhi,India,Retail,2025-05-05
CUST00296,Priya Verma,Ahmedabad,Gujarat,India,Business,2025-04-13
CUST00297,Neha Verma,Kolkata,West Bengal,India,Enterprise,2026-02-03
CUST00298,Sneha Verma,Jaipur,Rajasthan,India,Retail,2025-01-30
CUST00299,Meera Verma,Lucknow,Uttar Pradesh,India,Business,2024-09-13
CUST00300,Kavya Verma,Kochi,Kerala,India,Enterprise,2024-01-20
CUST00301,Aarav Sharma,Hyderabad,Telangana,India,Retail,2024-11-23
CUST00302,Vihaan Sharma,Mumbai,Maharashtra,India,Business,2026-01-13
CUST00303,Aditya Sharma,Bengaluru,Karnataka,India,Enterprise,2024-01-09
CUST00304,Arjun Sharma,Chennai,Tamil Nadu,India,Retail,2026-03-17
CUST00305,Rohan Sharma,New Delhi,Delhi,India,Business,2025-05-03
CUST00306,Rahul Sharma,Ahmedabad,Gujarat,India,Enterprise,2024-05-06
CUST00307,Kiran Sharma,Kolkata,West Bengal,India,Retail,2024-09-28
CUST00308,Ananya Sharma,Jaipur,Rajasthan,India,Business,2025-05-13
CUST00309,Diya Sharma,Lucknow,Uttar Pradesh,India,Enterprise,2024-10-11
CUST00310,Ishita Sharma,Kochi,Kerala,India,Retail,2024-04-07
CUST00311,Priya Sharma,Hyderabad,Telangana,India,Business,2025-08-22
CUST00312,Neha Sharma,Mumbai,Maharashtra,India,Enterprise,2025-08-28
CUST00313,Sneha Sharma,Bengaluru,Karnataka,India,Retail,2024-04-16
CUST00314,Meera Sharma,Chennai,Tamil Nadu,India,Business,2024-09-10
CUST00315,Kavya Sharma,New Delhi,Delhi,India,Enterprise,2024-08-07
CUST00316,Aarav Reddy,Ahmedabad,Gujarat,India,Retail,2025-08-16
CUST00317,Vihaan Reddy,Kolkata,West Bengal,India,Business,2025-10-19
CUST00318,Aditya Reddy,Jaipur,Rajasthan,India,Enterprise,2025-10-16
CUST00319,Arjun Reddy,Lucknow,Uttar Pradesh,India,Retail,2026-04-24
CUST00320,Rohan Reddy,Kochi,Kerala,India,Business,2025-11-22
CUST00321,Rahul Reddy,Hyderabad,Telangana,India,Enterprise,2024-10-15
CUST00322,Kiran Reddy,Mumbai,Maharashtra,India,Retail,2024-04-06
CUST00323,Ananya Reddy,Bengaluru,Karnataka,India,Business,2025-07-07
CUST00324,Diya Reddy,Chennai,Tamil Nadu,India,Enterprise,2026-04-04
CUST00325,Ishita Reddy,New Delhi,Delhi,India,Retail,2026-05-27
CUST00326,Priya Reddy,Ahmedabad,Gujarat,India,Business,2024-07-26
CUST00327,Neha Reddy,Kolkata,West Bengal,India,Enterprise,2024-07-31
CUST00328,Sneha Reddy,Jaipur,Rajasthan,India,Retail,2024-02-03
CUST00329,Meera Reddy,Lucknow,Uttar Pradesh,India,Business,2024-05-07
CUST00330,Kavya Reddy,Kochi,Kerala,India,Enterprise,2025-05-14
CUST00331,Aarav Patel,Hyderabad,Telangana,India,Retail,2025-05-07
CUST00332,Vihaan Patel,Mumbai,Maharashtra,India,Business,2024-11-29
CUST00333,Aditya Patel,Bengaluru,Karnataka,India,Enterprise,2024-10-05
CUST00334,Arjun Patel,Chennai,Tamil Nadu,India,Retail,2026-01-16
CUST00335,Rohan Patel,New Delhi,Delhi,India,Business,2025-02-18
CUST00336,Rahul Patel,Ahmedabad,Gujarat,India,Enterprise,2025-12-28
CUST00337,Kiran Patel,Kolkata,West Bengal,India,Retail,2026-05-16
CUST00338,Ananya Patel,Jaipur,Rajasthan,India,Business,2024-10-12
CUST00339,Diya Patel,Lucknow,Uttar Pradesh,India,Enterprise,2024-07-01
CUST00340,Ishita Patel,Kochi,Kerala,India,Retail,2026-05-07
CUST00341,Priya Patel,Hyderabad,Telangana,India,Business,2025-07-25
CUST00342,Neha Patel,Mumbai,Maharashtra,India,Enterprise,2024-09-18
CUST00343,Sneha Patel,Bengaluru,Karnataka,India,Retail,2025-07-13
CUST00344,Meera Patel,Chennai,Tamil Nadu,India,Business,2025-04-08
CUST00345,Kavya Patel,New Delhi,Delhi,India,Enterprise,2026-03-25
CUST00346,Aarav Kumar,Ahmedabad,Gujarat,India,Retail,2024-08-18
CUST00347,Vihaan Kumar,Kolkata,West Bengal,India,Business,2026-06-11
CUST00348,Aditya Kumar,Jaipur,Rajasthan,India,Enterprise,2026-04-22
CUST00349,Arjun Kumar,Lucknow,Uttar Pradesh,India,Retail,2024-06-11
CUST00350,Rohan Kumar,Kochi,Kerala,India,Business,2024-05-28
CUST00351,Rahul Kumar,Hyderabad,Telangana,India,Enterprise,2025-04-24
CUST00352,Kiran Kumar,Mumbai,Maharashtra,India,Retail,2024-02-10
CUST00353,Ananya Kumar,Bengaluru,Karnataka,India,Business,2024-09-25
CUST00354,Diya Kumar,Chennai,Tamil Nadu,India,Enterprise,2025-01-26
CUST00355,Ishita Kumar,New Delhi,Delhi,India,Retail,2026-05-22
CUST00356,Priya Kumar,Ahmedabad,Gujarat,India,Business,2026-06-12
CUST00357,Neha Kumar,Kolkata,West Bengal,India,Enterprise,2024-05-16
CUST00358,Sneha Kumar,Jaipur,Rajasthan,India,Retail,2026-03-13
CUST00359,Meera Kumar,Lucknow,Uttar Pradesh,India,Business,2024-03-22
CUST00360,Kavya Kumar,Kochi,Kerala,India,Enterprise,2025-11-04
CUST00361,Aarav Singh,Hyderabad,Telangana,India,Retail,2026-01-31
CUST00362,Vihaan Singh,Mumbai,Maharashtra,India,Business,2026-03-12
CUST00363,Aditya Singh,Bengaluru,Karnataka,India,Enterprise,2024-07-20
CUST00364,Arjun Singh,Chennai,Tamil Nadu,India,Retail,2026-03-15
CUST00365,Rohan Singh,New Delhi,Delhi,India,Business,2024-04-14
CUST00366,Rahul Singh,Ahmedabad,Gujarat,India,Enterprise,2025-04-11
CUST00367,Kiran Singh,Kolkata,West Bengal,India,Retail,2025-02-26
CUST00368,Ananya Singh,Jaipur,Rajasthan,India,Business,2024-10-11
CUST00369,Diya Singh,Lucknow,Uttar Pradesh,India,Enterprise,2024-01-20
CUST00370,Ishita Singh,Kochi,Kerala,India,Retail,2025-11-25
CUST00371,Priya Singh,Hyderabad,Telangana,India,Business,2024-10-29
CUST00372,Neha Singh,Mumbai,Maharashtra,India,Enterprise,2025-08-18
CUST00373,Sneha Singh,Bengaluru,Karnataka,India,Retail,2025-01-04
CUST00374,Meera Singh,Chennai,Tamil Nadu,India,Business,2024-12-02
CUST00375,Kavya Singh,New Delhi,Delhi,India,Enterprise,2026-03-08
CUST00376,Aarav Gupta,Ahmedabad,Gujarat,India,Retail,2024-03-26
CUST00377,Vihaan Gupta,Kolkata,West Bengal,India,Business,2025-10-24
CUST00378,Aditya Gupta,Jaipur,Rajasthan,India,Enterprise,2025-11-03
CUST00379,Arjun Gupta,Lucknow,Uttar Pradesh,India,Retail,2024-12-07
CUST00380,Rohan Gupta,Kochi,Kerala,India,Business,2024-08-24
CUST00381,Rahul Gupta,Hyderabad,Telangana,India,Enterprise,2024-01-05
CUST00382,Kiran Gupta,Mumbai,Maharashtra,India,Retail,2026-04-23
CUST00383,Ananya Gupta,Bengaluru,Karnataka,India,Business,2026-05-02
CUST00384,Diya Gupta,Chennai,Tamil Nadu,India,Enterprise,2024-08-04
CUST00385,Ishita Gupta,New Delhi,Delhi,India,Retail,2024-01-29
CUST00386,Priya Gupta,Ahmedabad,Gujarat,India,Business,2024-04-20
CUST00387,Neha Gupta,Kolkata,West Bengal,India,Enterprise,2024-03-01
CUST00388,Sneha Gupta,Jaipur,Rajasthan,India,Retail,2026-01-18
CUST00389,Meera Gupta,Lucknow,Uttar Pradesh,India,Business,2026-03-13
CUST00390,Kavya Gupta,Kochi,Kerala,India,Enterprise,2024-05-17
CUST00391,Aarav Rao,Hyderabad,Telangana,India,Retail,2025-11-03
CUST00392,Vihaan Rao,Mumbai,Maharashtra,India,Business,2024-06-10
CUST00393,Aditya Rao,Bengaluru,Karnataka,India,Enterprise,2024-11-26
CUST00394,Arjun Rao,Chennai,Tamil Nadu,India,Retail,2025-06-23
CUST00395,Rohan Rao,New Delhi,Delhi,India,Business,2025-10-09
CUST00396,Rahul Rao,Ahmedabad,Gujarat,India,Enterprise,2026-02-26
CUST00397,Kiran Rao,Kolkata,West Bengal,India,Retail,2024-02-10
CUST00398,Ananya Rao,Jaipur,Rajasthan,India,Business,2024-06-25
CUST00399,Diya Rao,Lucknow,Uttar Pradesh,India,Enterprise,2024-09-09
CUST00400,Ishita Rao,Kochi,Kerala,India,Retail,2024-10-06
CUST00401,Priya Rao,Hyderabad,Telangana,India,Business,2026-06-17
CUST00402,Neha Rao,Mumbai,Maharashtra,India,Enterprise,2025-11-30
CUST00403,Sneha Rao,Bengaluru,Karnataka,India,Retail,2024-10-15
CUST00404,Meera Rao,Chennai,Tamil Nadu,India,Business,2026-05-24
CUST00405,Kavya Rao,New Delhi,Delhi,India,Enterprise,2025-03-25
CUST00406,Aarav Nair,Ahmedabad,Gujarat,India,Retail,2025-03-26
CUST00407,Vihaan Nair,Kolkata,West Bengal,India,Business,2025-01-25
CUST00408,Aditya Nair,Jaipur,Rajasthan,India,Enterprise,2024-05-09
CUST00409,Arjun Nair,Lucknow,Uttar Pradesh,India,Retail,2026-04-20
CUST00410,Rohan Nair,Kochi,Kerala,India,Business,2024-01-13
CUST00411,Rahul Nair,Hyderabad,Telangana,India,Enterprise,2024-06-05
CUST00412,Kiran Nair,Mumbai,Maharashtra,India,Retail,2024-07-25
CUST00413,Ananya Nair,Bengaluru,Karnataka,India,Business,2024-09-08
CUST00414,Diya Nair,Chennai,Tamil Nadu,India,Enterprise,2024-04-28
CUST00415,Ishita Nair,New Delhi,Delhi,India,Retail,2024-01-17
CUST00416,Priya Nair,Ahmedabad,Gujarat,India,Business,2025-09-01
CUST00417,Neha Nair,Kolkata,West Bengal,India,Enterprise,2026-05-22
CUST00418,Sneha Nair,Jaipur,Rajasthan,India,Retail,2024-04-19
CUST00419,Meera Nair,Lucknow,Uttar Pradesh,India,Business,2024-09-23
CUST00420,Kavya Nair,Kochi,Kerala,India,Enterprise,2025-03-31
CUST00421,Aarav Iyer,Hyderabad,Telangana,India,Retail,2026-04-14
CUST00422,Vihaan Iyer,Mumbai,Maharashtra,India,Business,2025-09-16
CUST00423,Aditya Iyer,Bengaluru,Karnataka,India,Enterprise,2025-11-20
CUST00424,Arjun Iyer,Chennai,Tamil Nadu,India,Retail,2025-06-07
CUST00425,Rohan Iyer,New Delhi,Delhi,India,Business,2025-01-10
CUST00426,Rahul Iyer,Ahmedabad,Gujarat,India,Enterprise,2024-06-28
CUST00427,Kiran Iyer,Kolkata,West Bengal,India,Retail,2026-02-16
CUST00428,Ananya Iyer,Jaipur,Rajasthan,India,Business,2025-12-24
CUST00429,Diya Iyer,Lucknow,Uttar Pradesh,India,Enterprise,2024-01-23
CUST00430,Ishita Iyer,Kochi,Kerala,India,Retail,2025-10-05
CUST00431,Priya Iyer,Hyderabad,Telangana,India,Business,2024-03-16
CUST00432,Neha Iyer,Mumbai,Maharashtra,India,Enterprise,2025-10-27
CUST00433,Sneha Iyer,Bengaluru,Karnataka,India,Retail,2026-01-13
CUST00434,Meera Iyer,Chennai,Tamil Nadu,India,Business,2024-04-27
CUST00435,Kavya Iyer,New Delhi,Delhi,India,Enterprise,2025-01-25
CUST00436,Aarav Verma,Ahmedabad,Gujarat,India,Retail,2024-04-21
CUST00437,Vihaan Verma,Kolkata,West Bengal,India,Business,2025-05-25
CUST00438,Aditya Verma,Jaipur,Rajasthan,India,Enterprise,2026-04-14
CUST00439,Arjun Verma,Lucknow,Uttar Pradesh,India,Retail,2024-03-13
CUST00440,Rohan Verma,Kochi,Kerala,India,Business,2024-12-23
CUST00441,Rahul Verma,Hyderabad,Telangana,India,Enterprise,2026-05-25
CUST00442,Kiran Verma,Mumbai,Maharashtra,India,Retail,2024-09-27
CUST00443,Ananya Verma,Bengaluru,Karnataka,India,Business,2024-04-28
CUST00444,Diya Verma,Chennai,Tamil Nadu,India,Enterprise,2025-03-15
CUST00445,Ishita Verma,New Delhi,Delhi,India,Retail,2025-04-02
CUST00446,Priya Verma,Ahmedabad,Gujarat,India,Business,2025-08-19
CUST00447,Neha Verma,Kolkata,West Bengal,India,Enterprise,2024-10-09
CUST00448,Sneha Verma,Jaipur,Rajasthan,India,Retail,2026-05-10
CUST00449,Meera Verma,Lucknow,Uttar Pradesh,India,Business,2025-04-13
CUST00450,Kavya Verma,Kochi,Kerala,India,Enterprise,2024-09-14
CUST00451,Aarav Sharma,Hyderabad,Telangana,India,Retail,2026-05-14
CUST00452,Vihaan Sharma,Mumbai,Maharashtra,India,Business,2026-04-12
CUST00453,Aditya Sharma,Bengaluru,Karnataka,India,Enterprise,2025-03-25
CUST00454,Arjun Sharma,Chennai,Tamil Nadu,India,Retail,2024-01-23
CUST00455,Rohan Sharma,New Delhi,Delhi,India,Business,2025-06-21
CUST00456,Rahul Sharma,Ahmedabad,Gujarat,India,Enterprise,2025-05-14
CUST00457,Kiran Sharma,Kolkata,West Bengal,India,Retail,2024-05-13
CUST00458,Ananya Sharma,Jaipur,Rajasthan,India,Business,2025-07-24
CUST00459,Diya Sharma,Lucknow,Uttar Pradesh,India,Enterprise,2026-01-26
CUST00460,Ishita Sharma,Kochi,Kerala,India,Retail,2024-04-05
CUST00461,Priya Sharma,Hyderabad,Telangana,India,Business,2025-10-12
CUST00462,Neha Sharma,Mumbai,Maharashtra,India,Enterprise,2024-05-06
CUST00463,Sneha Sharma,Bengaluru,Karnataka,India,Retail,2025-11-04
CUST00464,Meera Sharma,Chennai,Tamil Nadu,India,Business,2025-01-12
CUST00465,Kavya Sharma,New Delhi,Delhi,India,Enterprise,2024-01-06
CUST00466,Aarav Reddy,Ahmedabad,Gujarat,India,Retail,2026-05-19
CUST00467,Vihaan Reddy,Kolkata,West Bengal,India,Business,2024-05-29
CUST00468,Aditya Reddy,Jaipur,Rajasthan,India,Enterprise,2025-06-20
CUST00469,Arjun Reddy,Lucknow,Uttar Pradesh,India,Retail,2024-06-12
CUST00470,Rohan Reddy,Kochi,Kerala,India,Business,2026-04-19
CUST00471,Rahul Reddy,Hyderabad,Telangana,India,Enterprise,2025-10-26
CUST00472,Kiran Reddy,Mumbai,Maharashtra,India,Retail,2025-12-24
CUST00473,Ananya Reddy,Bengaluru,Karnataka,India,Business,2025-01-23
CUST00474,Diya Reddy,Chennai,Tamil Nadu,India,Enterprise,2025-02-24
CUST00475,Ishita Reddy,New Delhi,Delhi,India,Retail,2025-07-24
CUST00476,Priya Reddy,Ahmedabad,Gujarat,India,Business,2025-12-07
CUST00477,Neha Reddy,Kolkata,West Bengal,India,Enterprise,2026-02-01
CUST00478,Sneha Reddy,Jaipur,Rajasthan,India,Retail,2024-01-17
CUST00479,Meera Reddy,Lucknow,Uttar Pradesh,India,Business,2025-08-20
CUST00480,Kavya Reddy,Kochi,Kerala,India,Enterprise,2024-04-08
CUST00481,Aarav Patel,Hyderabad,Telangana,India,Retail,2024-09-16
CUST00482,Vihaan Patel,Mumbai,Maharashtra,India,Business,2026-01-16
CUST00483,Aditya Patel,Bengaluru,Karnataka,India,Enterprise,2024-08-13
CUST00484,Arjun Patel,Chennai,Tamil Nadu,India,Retail,2025-12-18
CUST00485,Rohan Patel,New Delhi,Delhi,India,Business,2025-02-20
CUST00486,Rahul Patel,Ahmedabad,Gujarat,India,Enterprise,2024-07-28
CUST00487,Kiran Patel,Kolkata,West Bengal,India,Retail,2024-10-27
CUST00488,Ananya Patel,Jaipur,Rajasthan,India,Business,2025-04-22
CUST00489,Diya Patel,Lucknow,Uttar Pradesh,India,Enterprise,2025-11-19
CUST00490,Ishita Patel,Kochi,Kerala,India,Retail,2025-06-29
CUST00491,Priya Patel,Hyderabad,Telangana,India,Business,2026-04-19
CUST00492,Neha Patel,Mumbai,Maharashtra,India,Enterprise,2026-02-19
CUST00493,Sneha Patel,Bengaluru,Karnataka,India,Retail,2025-11-09
CUST00494,Meera Patel,Chennai,Tamil Nadu,India,Business,2025-06-26
CUST00495,Kavya Patel,New Delhi,Delhi,India,Enterprise,2024-09-17
CUST00496,Aarav Kumar,Ahmedabad,Gujarat,India,Retail,2025-01-06
CUST00497,Vihaan Kumar,Kolkata,West Bengal,India,Business,2024-04-17
CUST00498,Aditya Kumar,Jaipur,Rajasthan,India,Enterprise,2024-12-02
CUST00499,Arjun Kumar,Lucknow,Uttar Pradesh,India,Retail,2026-04-13
CUST00500,Rohan Kumar,Kochi,Kerala,India,Business,2025-01-18
CUST00501,Rahul Kumar,Hyderabad,Telangana,India,Enterprise,2024-04-12
CUST00502,Kiran Kumar,Mumbai,Maharashtra,India,Retail,2025-08-09
CUST00503,Ananya Kumar,Bengaluru,Karnataka,India,Business,2026-05-16
CUST00504,Diya Kumar,Chennai,Tamil Nadu,India,Enterprise,2026-02-19
CUST00505,Ishita Kumar,New Delhi,Delhi,India,Retail,2024-09-03
CUST00506,Priya Kumar,Ahmedabad,Gujarat,India,Business,2025-02-12
CUST00507,Neha Kumar,Kolkata,West Bengal,India,Enterprise,2025-04-22
CUST00508,Sneha Kumar,Jaipur,Rajasthan,India,Retail,2024-08-11
CUST00509,Meera Kumar,Lucknow,Uttar Pradesh,India,Business,2024-08-29
CUST00510,Kavya Kumar,Kochi,Kerala,India,Enterprise,2024-07-31
CUST00511,Aarav Singh,Hyderabad,Telangana,India,Retail,2026-06-14
CUST00512,Vihaan Singh,Mumbai,Maharashtra,India,Business,2025-11-02
CUST00513,Aditya Singh,Bengaluru,Karnataka,India,Enterprise,2026-01-26
CUST00514,Arjun Singh,Chennai,Tamil Nadu,India,Retail,2026-01-04
CUST00515,Rohan Singh,New Delhi,Delhi,India,Business,2026-05-13
CUST00516,Rahul Singh,Ahmedabad,Gujarat,India,Enterprise,2024-04-04
CUST00517,Kiran Singh,Kolkata,West Bengal,India,Retail,2026-03-04
CUST00518,Ananya Singh,Jaipur,Rajasthan,India,Business,2024-02-29
CUST00519,Diya Singh,Lucknow,Uttar Pradesh,India,Enterprise,2025-03-03
CUST00520,Ishita Singh,Kochi,Kerala,India,Retail,2025-06-18
CUST00521,Priya Singh,Hyderabad,Telangana,India,Business,2024-11-18
CUST00522,Neha Singh,Mumbai,Maharashtra,India,Enterprise,2024-05-11
CUST00523,Sneha Singh,Bengaluru,Karnataka,India,Retail,2024-06-22
CUST00524,Meera Singh,Chennai,Tamil Nadu,India,Business,2026-01-12
CUST00525,Kavya Singh,New Delhi,Delhi,India,Enterprise,2024-10-13
CUST00526,Aarav Gupta,Ahmedabad,Gujarat,India,Retail,2024-10-06
CUST00527,Vihaan Gupta,Kolkata,West Bengal,India,Business,2026-04-11
CUST00528,Aditya Gupta,Jaipur,Rajasthan,India,Enterprise,2024-05-09
CUST00529,Arjun Gupta,Lucknow,Uttar Pradesh,India,Retail,2026-04-03
CUST00530,Rohan Gupta,Kochi,Kerala,India,Business,2026-04-08
CUST00531,Rahul Gupta,Hyderabad,Telangana,India,Enterprise,2025-06-22
CUST00532,Kiran Gupta,Mumbai,Maharashtra,India,Retail,2024-05-28
CUST00533,Ananya Gupta,Bengaluru,Karnataka,India,Business,2024-05-20
CUST00534,Diya Gupta,Chennai,Tamil Nadu,India,Enterprise,2024-09-13
CUST00535,Ishita Gupta,New Delhi,Delhi,India,Retail,2025-06-03
CUST00536,Priya Gupta,Ahmedabad,Gujarat,India,Business,2024-05-18
CUST00537,Neha Gupta,Kolkata,West Bengal,India,Enterprise,2025-02-14
CUST00538,Sneha Gupta,Jaipur,Rajasthan,India,Retail,2024-04-13
CUST00539,Meera Gupta,Lucknow,Uttar Pradesh,India,Business,2025-05-01
CUST00540,Kavya Gupta,Kochi,Kerala,India,Enterprise,2024-01-20
CUST00541,Aarav Rao,Hyderabad,Telangana,India,Retail,2025-09-30
CUST00542,Vihaan Rao,Mumbai,Maharashtra,India,Business,2024-02-19
CUST00543,Aditya Rao,Bengaluru,Karnataka,India,Enterprise,2024-06-24
CUST00544,Arjun Rao,Chennai,Tamil Nadu,India,Retail,2024-06-06
CUST00545,Rohan Rao,New Delhi,Delhi,India,Business,2026-01-17
CUST00546,Rahul Rao,Ahmedabad,Gujarat,India,Enterprise,2024-02-18
CUST00547,Kiran Rao,Kolkata,West Bengal,India,Retail,2025-01-21
CUST00548,Ananya Rao,Jaipur,Rajasthan,India,Business,2025-06-16
CUST00549,Diya Rao,Lucknow,Uttar Pradesh,India,Enterprise,2025-04-09
CUST00550,Ishita Rao,Kochi,Kerala,India,Retail,2025-09-04
CUST00551,Priya Rao,Hyderabad,Telangana,India,Business,2025-12-23
CUST00552,Neha Rao,Mumbai,Maharashtra,India,Enterprise,2024-12-20
CUST00553,Sneha Rao,Bengaluru,Karnataka,India,Retail,2026-01-15
CUST00554,Meera Rao,Chennai,Tamil Nadu,India,Business,2024-10-13
CUST00555,Kavya Rao,New Delhi,Delhi,India,Enterprise,2026-06-04
CUST00556,Aarav Nair,Ahmedabad,Gujarat,India,Retail,2025-03-30
CUST00557,Vihaan Nair,Kolkata,West Bengal,India,Business,2025-10-24
CUST00558,Aditya Nair,Jaipur,Rajasthan,India,Enterprise,2026-02-26
CUST00559,Arjun Nair,Lucknow,Uttar Pradesh,India,Retail,2025-12-14
CUST00560,Rohan Nair,Kochi,Kerala,India,Business,2026-02-05
CUST00561,Rahul Nair,Hyderabad,Telangana,India,Enterprise,2025-04-27
CUST00562,Kiran Nair,Mumbai,Maharashtra,India,Retail,2024-02-09
CUST00563,Ananya Nair,Bengaluru,Karnataka,India,Business,2025-03-19
CUST00564,Diya Nair,Chennai,Tamil Nadu,India,Enterprise,2024-06-12
CUST00565,Ishita Nair,New Delhi,Delhi,India,Retail,2026-03-11
CUST00566,Priya Nair,Ahmedabad,Gujarat,India,Business,2024-08-01
CUST00567,Neha Nair,Kolkata,West Bengal,India,Enterprise,2024-07-24
CUST00568,Sneha Nair,Jaipur,Rajasthan,India,Retail,2024-08-12
CUST00569,Meera Nair,Lucknow,Uttar Pradesh,India,Business,2025-08-01
CUST00570,Kavya Nair,Kochi,Kerala,India,Enterprise,2025-05-29
CUST00571,Aarav Iyer,Hyderabad,Telangana,India,Retail,2026-05-03
CUST00572,Vihaan Iyer,Mumbai,Maharashtra,India,Business,2025-01-09
CUST00573,Aditya Iyer,Bengaluru,Karnataka,India,Enterprise,2024-09-11
CUST00574,Arjun Iyer,Chennai,Tamil Nadu,India,Retail,2024-02-14
CUST00575,Rohan Iyer,New Delhi,Delhi,India,Business,2024-01-07
CUST00576,Rahul Iyer,Ahmedabad,Gujarat,India,Enterprise,2024-12-02
CUST00577,Kiran Iyer,Kolkata,West Bengal,India,Retail,2026-04-13
CUST00578,Ananya Iyer,Jaipur,Rajasthan,India,Business,2025-04-16
CUST00579,Diya Iyer,Lucknow,Uttar Pradesh,India,Enterprise,2026-03-15
CUST00580,Ishita Iyer,Kochi,Kerala,India,Retail,2024-04-01
CUST00581,Priya Iyer,Hyderabad,Telangana,India,Business,2024-03-24
CUST00582,Neha Iyer,Mumbai,Maharashtra,India,Enterprise,2026-01-20
CUST00583,Sneha Iyer,Bengaluru,Karnataka,India,Retail,2024-04-06
CUST00584,Meera Iyer,Chennai,Tamil Nadu,India,Business,2024-02-16
CUST00585,Kavya Iyer,New Delhi,Delhi,India,Enterprise,2024-12-29
CUST00586,Aarav Verma,Ahmedabad,Gujarat,India,Retail,2026-04-12
CUST00587,Vihaan Verma,Kolkata,West Bengal,India,Business,2025-09-12
CUST00588,Aditya Verma,Jaipur,Rajasthan,India,Enterprise,2024-03-30
CUST00589,Arjun Verma,Lucknow,Uttar Pradesh,India,Retail,2026-01-23
CUST00590,Rohan Verma,Kochi,Kerala,India,Business,2026-01-29
CUST00591,Rahul Verma,Hyderabad,Telangana,India,Enterprise,2025-12-21
CUST00592,Kiran Verma,Mumbai,Maharashtra,India,Retail,2026-03-23
CUST00593,Ananya Verma,Bengaluru,Karnataka,India,Business,2024-08-03
CUST00594,Diya Verma,Chennai,Tamil Nadu,India,Enterprise,2026-05-31
CUST00595,Ishita Verma,New Delhi,Delhi,India,Retail,2024-10-15
CUST00596,Priya Verma,Ahmedabad,Gujarat,India,Business,2025-12-22
CUST00597,Neha Verma,Kolkata,West Bengal,India,Enterprise,2025-06-05
CUST00598,Sneha Verma,Jaipur,Rajasthan,India,Retail,2025-12-02
CUST00599,Meera Verma,Lucknow,Uttar Pradesh,India,Business,2025-07-19
CUST00600,Kavya Verma,Kochi,Kerala,India,Enterprise,2025-08-01
CUST00601,Aarav Sharma,Hyderabad,Telangana,India,Retail,2025-07-08
CUST00602,Vihaan Sharma,Mumbai,Maharashtra,India,Business,2025-12-02
CUST00603,Aditya Sharma,Bengaluru,Karnataka,India,Enterprise,2025-10-27
CUST00604,Arjun Sharma,Chennai,Tamil Nadu,India,Retail,2024-05-01
CUST00605,Rohan Sharma,New Delhi,Delhi,India,Business,2026-01-13
CUST00606,Rahul Sharma,Ahmedabad,Gujarat,India,Enterprise,2025-04-27
CUST00607,Kiran Sharma,Kolkata,West Bengal,India,Retail,2024-10-17
CUST00608,Ananya Sharma,Jaipur,Rajasthan,India,Business,2025-04-07
CUST00609,Diya Sharma,Lucknow,Uttar Pradesh,India,Enterprise,2026-05-20
CUST00610,Ishita Sharma,Kochi,Kerala,India,Retail,2026-02-10
CUST00611,Priya Sharma,Hyderabad,Telangana,India,Business,2026-01-20
CUST00612,Neha Sharma,Mumbai,Maharashtra,India,Enterprise,2025-02-20
CUST00613,Sneha Sharma,Bengaluru,Karnataka,India,Retail,2025-12-06
CUST00614,Meera Sharma,Chennai,Tamil Nadu,India,Business,2024-12-12
CUST00615,Kavya Sharma,New Delhi,Delhi,India,Enterprise,2025-09-09
CUST00616,Aarav Reddy,Ahmedabad,Gujarat,India,Retail,2025-07-29
CUST00617,Vihaan Reddy,Kolkata,West Bengal,India,Business,2024-08-12
CUST00618,Aditya Reddy,Jaipur,Rajasthan,India,Enterprise,2024-08-27
CUST00619,Arjun Reddy,Lucknow,Uttar Pradesh,India,Retail,2024-02-25
CUST00620,Rohan Reddy,Kochi,Kerala,India,Business,2024-05-05
CUST00621,Rahul Reddy,Hyderabad,Telangana,India,Enterprise,2025-01-25
CUST00622,Kiran Reddy,Mumbai,Maharashtra,India,Retail,2025-03-06
CUST00623,Ananya Reddy,Bengaluru,Karnataka,India,Business,2024-05-28
CUST00624,Diya Reddy,Chennai,Tamil Nadu,India,Enterprise,2025-01-10
CUST00625,Ishita Reddy,New Delhi,Delhi,India,Retail,2025-06-27
CUST00626,Priya Reddy,Ahmedabad,Gujarat,India,Business,2024-07-28
CUST00627,Neha Reddy,Kolkata,West Bengal,India,Enterprise,2024-10-31
CUST00628,Sneha Reddy,Jaipur,Rajasthan,India,Retail,2024-11-26
CUST00629,Meera Reddy,Lucknow,Uttar Pradesh,India,Business,2025-03-30
CUST00630,Kavya Reddy,Kochi,Kerala,India,Enterprise,2024-11-25
CUST00631,Aarav Patel,Hyderabad,Telangana,India,Retail,2025-10-25
CUST00632,Vihaan Patel,Mumbai,Maharashtra,India,Business,2024-10-21
CUST00633,Aditya Patel,Bengaluru,Karnataka,India,Enterprise,2025-01-25
CUST00634,Arjun Patel,Chennai,Tamil Nadu,India,Retail,2024-12-07
CUST00635,Rohan Patel,New Delhi,Delhi,India,Business,2024-06-13
CUST00636,Rahul Patel,Ahmedabad,Gujarat,India,Enterprise,2025-09-09
CUST00637,Kiran Patel,Kolkata,West Bengal,India,Retail,2024-07-30
CUST00638,Ananya Patel,Jaipur,Rajasthan,India,Business,2024-09-24
CUST00639,Diya Patel,Lucknow,Uttar Pradesh,India,Enterprise,2025-12-14
CUST00640,Ishita Patel,Kochi,Kerala,India,Retail,2026-05-03
CUST00641,Priya Patel,Hyderabad,Telangana,India,Business,2025-08-26
CUST00642,Neha Patel,Mumbai,Maharashtra,India,Enterprise,2026-04-04
CUST00643,Sneha Patel,Bengaluru,Karnataka,India,Retail,2026-02-07
CUST00644,Meera Patel,Chennai,Tamil Nadu,India,Business,2025-03-08
CUST00645,Kavya Patel,New Delhi,Delhi,India,Enterprise,2025-11-24
CUST00646,Aarav Kumar,Ahmedabad,Gujarat,India,Retail,2024-10-22
CUST00647,Vihaan Kumar,Kolkata,West Bengal,India,Business,2025-02-18
CUST00648,Aditya Kumar,Jaipur,Rajasthan,India,Enterprise,2025-04-26
CUST00649,Arjun Kumar,Lucknow,Uttar Pradesh,India,Retail,2026-05-14
CUST00650,Rohan Kumar,Kochi,Kerala,India,Business,2026-02-02
CUST00651,Rahul Kumar,Hyderabad,Telangana,India,Enterprise,2025-03-16
CUST00652,Kiran Kumar,Mumbai,Maharashtra,India,Retail,2025-08-10
CUST00653,Ananya Kumar,Bengaluru,Karnataka,India,Business,2024-07-01
CUST00654,Diya Kumar,Chennai,Tamil Nadu,India,Enterprise,2025-12-24
CUST00655,Ishita Kumar,New Delhi,Delhi,India,Retail,2025-05-12
CUST00656,Priya Kumar,Ahmedabad,Gujarat,India,Business,2025-04-24
CUST00657,Neha Kumar,Kolkata,West Bengal,India,Enterprise,2025-11-20
CUST00658,Sneha Kumar,Jaipur,Rajasthan,India,Retail,2025-07-23
CUST00659,Meera Kumar,Lucknow,Uttar Pradesh,India,Business,2024-03-06
CUST00660,Kavya Kumar,Kochi,Kerala,India,Enterprise,2024-09-16
CUST00661,Aarav Singh,Hyderabad,Telangana,India,Retail,2024-06-08
CUST00662,Vihaan Singh,Mumbai,Maharashtra,India,Business,2025-10-23
CUST00663,Aditya Singh,Bengaluru,Karnataka,India,Enterprise,2024-02-01
CUST00664,Arjun Singh,Chennai,Tamil Nadu,India,Retail,2024-07-01
CUST00665,Rohan Singh,New Delhi,Delhi,India,Business,2025-06-21
CUST00666,Rahul Singh,Ahmedabad,Gujarat,India,Enterprise,2025-09-17
CUST00667,Kiran Singh,Kolkata,West Bengal,India,Retail,2025-03-28
CUST00668,Ananya Singh,Jaipur,Rajasthan,India,Business,2026-02-13
CUST00669,Diya Singh,Lucknow,Uttar Pradesh,India,Enterprise,2026-04-07
CUST00670,Ishita Singh,Kochi,Kerala,India,Retail,2024-04-28
CUST00671,Priya Singh,Hyderabad,Telangana,India,Business,2026-05-07
CUST00672,Neha Singh,Mumbai,Maharashtra,India,Enterprise,2025-07-06
CUST00673,Sneha Singh,Bengaluru,Karnataka,India,Retail,2025-07-26
CUST00674,Meera Singh,Chennai,Tamil Nadu,India,Business,2024-03-26
CUST00675,Kavya Singh,New Delhi,Delhi,India,Enterprise,2025-07-13
CUST00676,Aarav Gupta,Ahmedabad,Gujarat,India,Retail,2025-10-15
CUST00677,Vihaan Gupta,Kolkata,West Bengal,India,Business,2025-06-06
CUST00678,Aditya Gupta,Jaipur,Rajasthan,India,Enterprise,2024-03-17
CUST00679,Arjun Gupta,Lucknow,Uttar Pradesh,India,Retail,2025-04-15
CUST00680,Rohan Gupta,Kochi,Kerala,India,Business,2026-04-22
CUST00681,Rahul Gupta,Hyderabad,Telangana,India,Enterprise,2025-10-13
CUST00682,Kiran Gupta,Mumbai,Maharashtra,India,Retail,2024-05-03
CUST00683,Ananya Gupta,Bengaluru,Karnataka,India,Business,2026-05-13
CUST00684,Diya Gupta,Chennai,Tamil Nadu,India,Enterprise,2026-05-12
CUST00685,Ishita Gupta,New Delhi,Delhi,India,Retail,2024-06-01
CUST00686,Priya Gupta,Ahmedabad,Gujarat,India,Business,2025-12-21
CUST00687,Neha Gupta,Kolkata,West Bengal,India,Enterprise,2025-01-01
CUST00688,Sneha Gupta,Jaipur,Rajasthan,India,Retail,2025-06-18
CUST00689,Meera Gupta,Lucknow,Uttar Pradesh,India,Business,2025-02-04
CUST00690,Kavya Gupta,Kochi,Kerala,India,Enterprise,2025-12-05
CUST00691,Aarav Rao,Hyderabad,Telangana,India,Retail,2026-06-15
CUST00692,Vihaan Rao,Mumbai,Maharashtra,India,Business,2025-12-16
CUST00693,Aditya Rao,Bengaluru,Karnataka,India,Enterprise,2026-04-18
CUST00694,Arjun Rao,Chennai,Tamil Nadu,India,Retail,2026-05-01
CUST00695,Rohan Rao,New Delhi,Delhi,India,Business,2024-03-22
CUST00696,Rahul Rao,Ahmedabad,Gujarat,India,Enterprise,2024-08-16
CUST00697,Kiran Rao,Kolkata,West Bengal,India,Retail,2025-10-11
CUST00698,Ananya Rao,Jaipur,Rajasthan,India,Business,2025-06-15
CUST00699,Diya Rao,Lucknow,Uttar Pradesh,India,Enterprise,2024-02-15
CUST00700,Ishita Rao,Kochi,Kerala,India,Retail,2024-03-26
CUST00701,Priya Rao,Hyderabad,Telangana,India,Business,2025-04-13
CUST00702,Neha Rao,Mumbai,Maharashtra,India,Enterprise,2025-07-08
CUST00703,Sneha Rao,Bengaluru,Karnataka,India,Retail,2024-05-30
CUST00704,Meera Rao,Chennai,Tamil Nadu,India,Business,2024-06-03
CUST00705,Kavya Rao,New Delhi,Delhi,India,Enterprise,2024-04-26
CUST00706,Aarav Nair,Ahmedabad,Gujarat,India,Retail,2025-05-23
CUST00707,Vihaan Nair,Kolkata,West Bengal,India,Business,2024-01-08
CUST00708,Aditya Nair,Jaipur,Rajasthan,India,Enterprise,2025-05-30
CUST00709,Arjun Nair,Lucknow,Uttar Pradesh,India,Retail,2025-03-04
CUST00710,Rohan Nair,Kochi,Kerala,India,Business,2025-02-23
CUST00711,Rahul Nair,Hyderabad,Telangana,India,Enterprise,2025-09-03
CUST00712,Kiran Nair,Mumbai,Maharashtra,India,Retail,2025-04-15
CUST00713,Ananya Nair,Bengaluru,Karnataka,India,Business,2025-10-16
CUST00714,Diya Nair,Chennai,Tamil Nadu,India,Enterprise,2025-11-18
CUST00715,Ishita Nair,New Delhi,Delhi,India,Retail,2026-04-08
CUST00716,Priya Nair,Ahmedabad,Gujarat,India,Business,2025-12-20
CUST00717,Neha Nair,Kolkata,West Bengal,India,Enterprise,2025-04-10
CUST00718,Sneha Nair,Jaipur,Rajasthan,India,Retail,2025-03-18
CUST00719,Meera Nair,Lucknow,Uttar Pradesh,India,Business,2024-07-31
CUST00720,Kavya Nair,Kochi,Kerala,India,Enterprise,2025-06-23
CUST00721,Aarav Iyer,Hyderabad,Telangana,India,Retail,2024-05-05
CUST00722,Vihaan Iyer,Mumbai,Maharashtra,India,Business,2026-04-18
CUST00723,Aditya Iyer,Bengaluru,Karnataka,India,Enterprise,2026-01-30
CUST00724,Arjun Iyer,Chennai,Tamil Nadu,India,Retail,2024-04-17
CUST00725,Rohan Iyer,New Delhi,Delhi,India,Business,2025-12-08
CUST00726,Rahul Iyer,Ahmedabad,Gujarat,India,Enterprise,2024-04-15
CUST00727,Kiran Iyer,Kolkata,West Bengal,India,Retail,2025-10-11
CUST00728,Ananya Iyer,Jaipur,Rajasthan,India,Business,2024-03-19
CUST00729,Diya Iyer,Lucknow,Uttar Pradesh,India,Enterprise,2025-03-15
CUST00730,Ishita Iyer,Kochi,Kerala,India,Retail,2025-08-15
CUST00731,Priya Iyer,Hyderabad,Telangana,India,Business,2025-10-17
CUST00732,Neha Iyer,Mumbai,Maharashtra,India,Enterprise,2025-01-11
CUST00733,Sneha Iyer,Bengaluru,Karnataka,India,Retail,2026-04-09
CUST00734,Meera Iyer,Chennai,Tamil Nadu,India,Business,2025-11-27
CUST00735,Kavya Iyer,New Delhi,Delhi,India,Enterprise,2024-07-06
CUST00736,Aarav Verma,Ahmedabad,Gujarat,India,Retail,2025-08-27
CUST00737,Vihaan Verma,Kolkata,West Bengal,India,Business,2025-10-19
CUST00738,Aditya Verma,Jaipur,Rajasthan,India,Enterprise,2024-10-27
CUST00739,Arjun Verma,Lucknow,Uttar Pradesh,India,Retail,2025-10-26
CUST00740,Rohan Verma,Kochi,Kerala,India,Business,2026-03-19
CUST00741,Rahul Verma,Hyderabad,Telangana,India,Enterprise,2026-01-05
CUST00742,Kiran Verma,Mumbai,Maharashtra,India,Retail,2025-11-17
CUST00743,Ananya Verma,Bengaluru,Karnataka,India,Business,2025-07-25
CUST00744,Diya Verma,Chennai,Tamil Nadu,India,Enterprise,2024-08-31
CUST00745,Ishita Verma,New Delhi,Delhi,India,Retail,2025-12-16
CUST00746,Priya Verma,Ahmedabad,Gujarat,India,Business,2024-11-23
CUST00747,Neha Verma,Kolkata,West Bengal,India,Enterprise,2025-04-23
CUST00748,Sneha Verma,Jaipur,Rajasthan,India,Retail,2024-10-09
CUST00749,Meera Verma,Lucknow,Uttar Pradesh,India,Business,2024-10-08
CUST00750,Kavya Verma,Kochi,Kerala,India,Enterprise,2024-05-21
CUST00751,Aarav Sharma,Hyderabad,Telangana,India,Retail,2026-05-15
CUST00752,Vihaan Sharma,Mumbai,Maharashtra,India,Business,2024-05-13
CUST00753,Aditya Sharma,Bengaluru,Karnataka,India,Enterprise,2024-03-18
CUST00754,Arjun Sharma,Chennai,Tamil Nadu,India,Retail,2026-04-22
CUST00755,Rohan Sharma,New Delhi,Delhi,India,Business,2025-05-14
CUST00756,Rahul Sharma,Ahmedabad,Gujarat,India,Enterprise,2025-01-29
CUST00757,Kiran Sharma,Kolkata,West Bengal,India,Retail,2025-10-25
CUST00758,Ananya Sharma,Jaipur,Rajasthan,India,Business,2024-12-10
CUST00759,Diya Sharma,Lucknow,Uttar Pradesh,India,Enterprise,2024-04-25
CUST00760,Ishita Sharma,Kochi,Kerala,India,Retail,2025-10-18
CUST00761,Priya Sharma,Hyderabad,Telangana,India,Business,2024-06-07
CUST00762,Neha Sharma,Mumbai,Maharashtra,India,Enterprise,2025-05-12
CUST00763,Sneha Sharma,Bengaluru,Karnataka,India,Retail,2026-05-04
CUST00764,Meera Sharma,Chennai,Tamil Nadu,India,Business,2026-04-22
CUST00765,Kavya Sharma,New Delhi,Delhi,India,Enterprise,2024-11-20
CUST00766,Aarav Reddy,Ahmedabad,Gujarat,India,Retail,2025-12-03
CUST00767,Vihaan Reddy,Kolkata,West Bengal,India,Business,2025-07-05
CUST00768,Aditya Reddy,Jaipur,Rajasthan,India,Enterprise,2025-03-07
CUST00769,Arjun Reddy,Lucknow,Uttar Pradesh,India,Retail,2024-05-05
CUST00770,Rohan Reddy,Kochi,Kerala,India,Business,2024-12-04
CUST00771,Rahul Reddy,Hyderabad,Telangana,India,Enterprise,2025-08-09
CUST00772,Kiran Reddy,Mumbai,Maharashtra,India,Retail,2026-06-06
CUST00773,Ananya Reddy,Bengaluru,Karnataka,India,Business,2024-01-05
CUST00774,Diya Reddy,Chennai,Tamil Nadu,India,Enterprise,2025-10-07
CUST00775,Ishita Reddy,New Delhi,Delhi,India,Retail,2026-01-31
CUST00776,Priya Reddy,Ahmedabad,Gujarat,India,Business,2026-05-06
CUST00777,Neha Reddy,Kolkata,West Bengal,India,Enterprise,2025-01-16
CUST00778,Sneha Reddy,Jaipur,Rajasthan,India,Retail,2024-04-16
CUST00779,Meera Reddy,Lucknow,Uttar Pradesh,India,Business,2024-08-31
CUST00780,Kavya Reddy,Kochi,Kerala,India,Enterprise,2026-02-04
CUST00781,Aarav Patel,Hyderabad,Telangana,India,Retail,2026-03-01
CUST00782,Vihaan Patel,Mumbai,Maharashtra,India,Business,2025-07-27
CUST00783,Aditya Patel,Bengaluru,Karnataka,India,Enterprise,2024-04-20
CUST00784,Arjun Patel,Chennai,Tamil Nadu,India,Retail,2024-04-19
CUST00785,Rohan Patel,New Delhi,Delhi,India,Business,2025-03-06
CUST00786,Rahul Patel,Ahmedabad,Gujarat,India,Enterprise,2025-06-13
CUST00787,Kiran Patel,Kolkata,West Bengal,India,Retail,2024-01-30
CUST00788,Ananya Patel,Jaipur,Rajasthan,India,Business,2025-09-09
CUST00789,Diya Patel,Lucknow,Uttar Pradesh,India,Enterprise,2025-05-05
CUST00790,Ishita Patel,Kochi,Kerala,India,Retail,2024-01-12
CUST00791,Priya Patel,Hyderabad,Telangana,India,Business,2024-03-27
CUST00792,Neha Patel,Mumbai,Maharashtra,India,Enterprise,2025-02-12
CUST00793,Sneha Patel,Bengaluru,Karnataka,India,Retail,2025-10-12
CUST00794,Meera Patel,Chennai,Tamil Nadu,India,Business,2026-01-12
CUST00795,Kavya Patel,New Delhi,Delhi,India,Enterprise,2025-01-23
CUST00796,Aarav Kumar,Ahmedabad,Gujarat,India,Retail,2024-09-22
CUST00797,Vihaan Kumar,Kolkata,West Bengal,India,Business,2026-05-21
CUST00798,Aditya Kumar,Jaipur,Rajasthan,India,Enterprise,2025-02-16
CUST00799,Arjun Kumar,Lucknow,Uttar Pradesh,India,Retail,2024-10-10
CUST00800,Rohan Kumar,Kochi,Kerala,India,Business,2025-02-02
CUST00801,Rahul Kumar,Hyderabad,Telangana,India,Enterprise,2024-01-11
CUST00802,Kiran Kumar,Mumbai,Maharashtra,India,Retail,2024-09-28
CUST00803,Ananya Kumar,Bengaluru,Karnataka,India,Business,2025-04-08
CUST00804,Diya Kumar,Chennai,Tamil Nadu,India,Enterprise,2026-04-06
CUST00805,Ishita Kumar,New Delhi,Delhi,India,Retail,2025-10-26
CUST00806,Priya Kumar,Ahmedabad,Gujarat,India,Business,2025-12-04
CUST00807,Neha Kumar,Kolkata,West Bengal,India,Enterprise,2025-05-05
CUST00808,Sneha Kumar,Jaipur,Rajasthan,India,Retail,2024-04-09
CUST00809,Meera Kumar,Lucknow,Uttar Pradesh,India,Business,2024-12-17
CUST00810,Kavya Kumar,Kochi,Kerala,India,Enterprise,2026-06-16
CUST00811,Aarav Singh,Hyderabad,Telangana,India,Retail,2024-02-09
CUST00812,Vihaan Singh,Mumbai,Maharashtra,India,Business,2026-03-02
CUST00813,Aditya Singh,Bengaluru,Karnataka,India,Enterprise,2025-09-08
CUST00814,Arjun Singh,Chennai,Tamil Nadu,India,Retail,2024-09-12
CUST00815,Rohan Singh,New Delhi,Delhi,India,Business,2025-12-01
CUST00816,Rahul Singh,Ahmedabad,Gujarat,India,Enterprise,2026-01-23
CUST00817,Kiran Singh,Kolkata,West Bengal,India,Retail,2024-02-08
CUST00818,Ananya Singh,Jaipur,Rajasthan,India,Business,2024-04-05
CUST00819,Diya Singh,Lucknow,Uttar Pradesh,India,Enterprise,2025-08-22
CUST00820,Ishita Singh,Kochi,Kerala,India,Retail,2026-06-18
CUST00821,Priya Singh,Hyderabad,Telangana,India,Business,2024-01-22
CUST00822,Neha Singh,Mumbai,Maharashtra,India,Enterprise,2025-08-22
CUST00823,Sneha Singh,Bengaluru,Karnataka,India,Retail,2024-05-02
CUST00824,Meera Singh,Chennai,Tamil Nadu,India,Business,2025-08-08
CUST00825,Kavya Singh,New Delhi,Delhi,India,Enterprise,2025-07-14
CUST00826,Aarav Gupta,Ahmedabad,Gujarat,India,Retail,2024-03-22
CUST00827,Vihaan Gupta,Kolkata,West Bengal,India,Business,2025-09-04
CUST00828,Aditya Gupta,Jaipur,Rajasthan,India,Enterprise,2026-03-18
CUST00829,Arjun Gupta,Lucknow,Uttar Pradesh,India,Retail,2026-02-16
CUST00830,Rohan Gupta,Kochi,Kerala,India,Business,2024-01-27
CUST00831,Rahul Gupta,Hyderabad,Telangana,India,Enterprise,2024-08-09
CUST00832,Kiran Gupta,Mumbai,Maharashtra,India,Retail,2024-08-04
CUST00833,Ananya Gupta,Bengaluru,Karnataka,India,Business,2025-02-11
CUST00834,Diya Gupta,Chennai,Tamil Nadu,India,Enterprise,2024-05-08
CUST00835,Ishita Gupta,New Delhi,Delhi,India,Retail,2026-02-07
CUST00836,Priya Gupta,Ahmedabad,Gujarat,India,Business,2025-11-30
CUST00837,Neha Gupta,Kolkata,West Bengal,India,Enterprise,2025-12-28
CUST00838,Sneha Gupta,Jaipur,Rajasthan,India,Retail,2024-06-27
CUST00839,Meera Gupta,Lucknow,Uttar Pradesh,India,Business,2024-01-14
CUST00840,Kavya Gupta,Kochi,Kerala,India,Enterprise,2026-03-30
CUST00841,Aarav Rao,Hyderabad,Telangana,India,Retail,2024-09-17
CUST00842,Vihaan Rao,Mumbai,Maharashtra,India,Business,2025-08-13
CUST00843,Aditya Rao,Bengaluru,Karnataka,India,Enterprise,2026-03-29
CUST00844,Arjun Rao,Chennai,Tamil Nadu,India,Retail,2024-02-02
CUST00845,Rohan Rao,New Delhi,Delhi,India,Business,2024-01-05
CUST00846,Rahul Rao,Ahmedabad,Gujarat,India,Enterprise,2024-01-05
CUST00847,Kiran Rao,Kolkata,West Bengal,India,Retail,2024-05-20
CUST00848,Ananya Rao,Jaipur,Rajasthan,India,Business,2024-02-16
CUST00849,Diya Rao,Lucknow,Uttar Pradesh,India,Enterprise,2026-01-07
CUST00850,Ishita Rao,Kochi,Kerala,India,Retail,2025-06-29
CUST00851,Priya Rao,Hyderabad,Telangana,India,Business,2026-06-01
CUST00852,Neha Rao,Mumbai,Maharashtra,India,Enterprise,2025-12-22
CUST00853,Sneha Rao,Bengaluru,Karnataka,India,Retail,2026-05-16
CUST00854,Meera Rao,Chennai,Tamil Nadu,India,Business,2024-08-02
CUST00855,Kavya Rao,New Delhi,Delhi,India,Enterprise,2024-09-16
CUST00856,Aarav Nair,Ahmedabad,Gujarat,India,Retail,2026-02-03
CUST00857,Vihaan Nair,Kolkata,West Bengal,India,Business,2024-08-08
CUST00858,Aditya Nair,Jaipur,Rajasthan,India,Enterprise,2024-02-21
CUST00859,Arjun Nair,Lucknow,Uttar Pradesh,India,Retail,2025-08-25
CUST00860,Rohan Nair,Kochi,Kerala,India,Business,2025-12-21
CUST00861,Rahul Nair,Hyderabad,Telangana,India,Enterprise,2026-05-21
CUST00862,Kiran Nair,Mumbai,Maharashtra,India,Retail,2026-04-15
CUST00863,Ananya Nair,Bengaluru,Karnataka,India,Business,2024-04-18
CUST00864,Diya Nair,Chennai,Tamil Nadu,India,Enterprise,2025-11-25
CUST00865,Ishita Nair,New Delhi,Delhi,India,Retail,2026-01-31
CUST00866,Priya Nair,Ahmedabad,Gujarat,India,Business,2025-09-20
CUST00867,Neha Nair,Kolkata,West Bengal,India,Enterprise,2026-01-07
CUST00868,Sneha Nair,Jaipur,Rajasthan,India,Retail,2026-01-24
CUST00869,Meera Nair,Lucknow,Uttar Pradesh,India,Business,2025-02-05
CUST00870,Kavya Nair,Kochi,Kerala,India,Enterprise,2024-02-06
CUST00871,Aarav Iyer,Hyderabad,Telangana,India,Retail,2025-02-14
CUST00872,Vihaan Iyer,Mumbai,Maharashtra,India,Business,2024-06-30
CUST00873,Aditya Iyer,Bengaluru,Karnataka,India,Enterprise,2024-04-12
CUST00874,Arjun Iyer,Chennai,Tamil Nadu,India,Retail,2024-04-22
CUST00875,Rohan Iyer,New Delhi,Delhi,India,Business,2025-09-19
CUST00876,Rahul Iyer,Ahmedabad,Gujarat,India,Enterprise,2025-03-30
CUST00877,Kiran Iyer,Kolkata,West Bengal,India,Retail,2025-04-30
CUST00878,Ananya Iyer,Jaipur,Rajasthan,India,Business,2025-11-01
CUST00879,Diya Iyer,Lucknow,Uttar Pradesh,India,Enterprise,2025-05-08
CUST00880,Ishita Iyer,Kochi,Kerala,India,Retail,2025-07-21
CUST00881,Priya Iyer,Hyderabad,Telangana,India,Business,2024-03-18
CUST00882,Neha Iyer,Mumbai,Maharashtra,India,Enterprise,2026-02-05
CUST00883,Sneha Iyer,Bengaluru,Karnataka,India,Retail,2025-02-07
CUST00884,Meera Iyer,Chennai,Tamil Nadu,India,Business,2024-05-19
CUST00885,Kavya Iyer,New Delhi,Delhi,India,Enterprise,2026-01-01
CUST00886,Aarav Verma,Ahmedabad,Gujarat,India,Retail,2025-10-23
CUST00887,Vihaan Verma,Kolkata,West Bengal,India,Business,2024-02-17
CUST00888,Aditya Verma,Jaipur,Rajasthan,India,Enterprise,2024-06-22
CUST00889,Arjun Verma,Lucknow,Uttar Pradesh,India,Retail,2024-01-15
CUST00890,Rohan Verma,Kochi,Kerala,India,Business,2024-08-31
CUST00891,Rahul Verma,Hyderabad,Telangana,India,Enterprise,2024-03-30
CUST00892,Kiran Verma,Mumbai,Maharashtra,India,Retail,2025-09-30
CUST00893,Ananya Verma,Bengaluru,Karnataka,India,Business,2025-04-15
CUST00894,Diya Verma,Chennai,Tamil Nadu,India,Enterprise,2026-06-01
CUST00895,Ishita Verma,New Delhi,Delhi,India,Retail,2025-11-05
CUST00896,Priya Verma,Ahmedabad,Gujarat,India,Business,2025-07-04
CUST00897,Neha Verma,Kolkata,West Bengal,India,Enterprise,2025-04-03
CUST00898,Sneha Verma,Jaipur,Rajasthan,India,Retail,2024-02-19
CUST00899,Meera Verma,Lucknow,Uttar Pradesh,India,Business,2024-03-04
CUST00900,Kavya Verma,Kochi,Kerala,India,Enterprise,2025-07-08
CUST00901,Aarav Sharma,Hyderabad,Telangana,India,Retail,2024-01-04
CUST00902,Vihaan Sharma,Mumbai,Maharashtra,India,Business,2024-02-08
CUST00903,Aditya Sharma,Bengaluru,Karnataka,India,Enterprise,2024-07-16
CUST00904,Arjun Sharma,Chennai,Tamil Nadu,India,Retail,2026-03-06
CUST00905,Rohan Sharma,New Delhi,Delhi,India,Business,2025-02-17
CUST00906,Rahul Sharma,Ahmedabad,Gujarat,India,Enterprise,2025-09-30
CUST00907,Kiran Sharma,Kolkata,West Bengal,India,Retail,2025-01-05
CUST00908,Ananya Sharma,Jaipur,Rajasthan,India,Business,2024-06-04
CUST00909,Diya Sharma,Lucknow,Uttar Pradesh,India,Enterprise,2024-11-30
CUST00910,Ishita Sharma,Kochi,Kerala,India,Retail,2024-03-23
CUST00911,Priya Sharma,Hyderabad,Telangana,India,Business,2025-11-24
CUST00912,Neha Sharma,Mumbai,Maharashtra,India,Enterprise,2024-06-14
CUST00913,Sneha Sharma,Bengaluru,Karnataka,India,Retail,2024-12-04
CUST00914,Meera Sharma,Chennai,Tamil Nadu,India,Business,2026-06-01
CUST00915,Kavya Sharma,New Delhi,Delhi,India,Enterprise,2025-06-16
CUST00916,Aarav Reddy,Ahmedabad,Gujarat,India,Retail,2025-02-16
CUST00917,Vihaan Reddy,Kolkata,West Bengal,India,Business,2025-05-03
CUST00918,Aditya Reddy,Jaipur,Rajasthan,India,Enterprise,2025-12-06
CUST00919,Arjun Reddy,Lucknow,Uttar Pradesh,India,Retail,2024-08-17
CUST00920,Rohan Reddy,Kochi,Kerala,India,Business,2025-07-26
CUST00921,Rahul Reddy,Hyderabad,Telangana,India,Enterprise,2026-02-24
CUST00922,Kiran Reddy,Mumbai,Maharashtra,India,Retail,2025-05-30
CUST00923,Ananya Reddy,Bengaluru,Karnataka,India,Business,2025-02-05
CUST00924,Diya Reddy,Chennai,Tamil Nadu,India,Enterprise,2024-05-10
CUST00925,Ishita Reddy,New Delhi,Delhi,India,Retail,2024-08-11
CUST00926,Priya Reddy,Ahmedabad,Gujarat,India,Business,2026-05-01
CUST00927,Neha Reddy,Kolkata,West Bengal,India,Enterprise,2025-05-02
CUST00928,Sneha Reddy,Jaipur,Rajasthan,India,Retail,2024-09-28
CUST00929,Meera Reddy,Lucknow,Uttar Pradesh,India,Business,2025-01-11
CUST00930,Kavya Reddy,Kochi,Kerala,India,Enterprise,2025-06-04
CUST00931,Aarav Patel,Hyderabad,Telangana,India,Retail,2025-04-28
CUST00932,Vihaan Patel,Mumbai,Maharashtra,India,Business,2025-09-21
CUST00933,Aditya Patel,Bengaluru,Karnataka,India,Enterprise,2024-08-19
CUST00934,Arjun Patel,Chennai,Tamil Nadu,India,Retail,2025-08-07
CUST00935,Rohan Patel,New Delhi,Delhi,India,Business,2025-02-02
CUST00936,Rahul Patel,Ahmedabad,Gujarat,India,Enterprise,2026-04-26
CUST00937,Kiran Patel,Kolkata,West Bengal,India,Retail,2024-05-22
CUST00938,Ananya Patel,Jaipur,Rajasthan,India,Business,2024-05-13
CUST00939,Diya Patel,Lucknow,Uttar Pradesh,India,Enterprise,2025-02-19
CUST00940,Ishita Patel,Kochi,Kerala,India,Retail,2025-04-02
CUST00941,Priya Patel,Hyderabad,Telangana,India,Business,2025-09-13
CUST00942,Neha Patel,Mumbai,Maharashtra,India,Enterprise,2024-12-29
CUST00943,Sneha Patel,Bengaluru,Karnataka,India,Retail,2026-04-02
CUST00944,Meera Patel,Chennai,Tamil Nadu,India,Business,2025-03-02
CUST00945,Kavya Patel,New Delhi,Delhi,India,Enterprise,2024-04-26
CUST00946,Aarav Kumar,Ahmedabad,Gujarat,India,Retail,2024-04-17
CUST00947,Vihaan Kumar,Kolkata,West Bengal,India,Business,2026-05-26
CUST00948,Aditya Kumar,Jaipur,Rajasthan,India,Enterprise,2024-04-30
CUST00949,Arjun Kumar,Lucknow,Uttar Pradesh,India,Retail,2026-05-03
CUST00950,Rohan Kumar,Kochi,Kerala,India,Business,2024-09-07
CUST00951,Rahul Kumar,Hyderabad,Telangana,India,Enterprise,2024-03-25
CUST00952,Kiran Kumar,Mumbai,Maharashtra,India,Retail,2024-10-01
CUST00953,Ananya Kumar,Bengaluru,Karnataka,India,Business,2025-07-07
CUST00954,Diya Kumar,Chennai,Tamil Nadu,India,Enterprise,2025-01-20
CUST00955,Ishita Kumar,New Delhi,Delhi,India,Retail,2025-12-08
CUST00956,Priya Kumar,Ahmedabad,Gujarat,India,Business,2025-07-03
CUST00957,Neha Kumar,Kolkata,West Bengal,India,Enterprise,2024-12-26
CUST00958,Sneha Kumar,Jaipur,Rajasthan,India,Retail,2025-07-25
CUST00959,Meera Kumar,Lucknow,Uttar Pradesh,India,Business,2026-05-24
CUST00960,Kavya Kumar,Kochi,Kerala,India,Enterprise,2025-01-05
CUST00961,Aarav Singh,Hyderabad,Telangana,India,Retail,2024-05-18
CUST00962,Vihaan Singh,Mumbai,Maharashtra,India,Business,2025-01-02
CUST00963,Aditya Singh,Bengaluru,Karnataka,India,Enterprise,2026-01-26
CUST00964,Arjun Singh,Chennai,Tamil Nadu,India,Retail,2024-07-14
CUST00965,Rohan Singh,New Delhi,Delhi,India,Business,2026-05-04
CUST00966,Rahul Singh,Ahmedabad,Gujarat,India,Enterprise,2025-06-13
CUST00967,Kiran Singh,Kolkata,West Bengal,India,Retail,2025-06-25
CUST00968,Ananya Singh,Jaipur,Rajasthan,India,Business,2024-10-12
CUST00969,Diya Singh,Lucknow,Uttar Pradesh,India,Enterprise,2026-04-08
CUST00970,Ishita Singh,Kochi,Kerala,India,Retail,2024-02-02
CUST00971,Priya Singh,Hyderabad,Telangana,India,Business,2024-09-25
CUST00972,Neha Singh,Mumbai,Maharashtra,India,Enterprise,2025-01-11
CUST00973,Sneha Singh,Bengaluru,Karnataka,India,Retail,2025-03-05
CUST00974,Meera Singh,Chennai,Tamil Nadu,India,Business,2025-03-02
CUST00975,Kavya Singh,New Delhi,Delhi,India,Enterprise,2024-05-13
CUST00976,Aarav Gupta,Ahmedabad,Gujarat,India,Retail,2024-07-22
CUST00977,Vihaan Gupta,Kolkata,West Bengal,India,Business,2024-03-26
CUST00978,Aditya Gupta,Jaipur,Rajasthan,India,Enterprise,2025-05-30
CUST00979,Arjun Gupta,Lucknow,Uttar Pradesh,India,Retail,2024-11-11
CUST00980,Rohan Gupta,Kochi,Kerala,India,Business,2025-05-24
CUST00981,Rahul Gupta,Hyderabad,Telangana,India,Enterprise,2025-06-14
CUST00982,Kiran Gupta,Mumbai,Maharashtra,India,Retail,2025-09-23
CUST00983,Ananya Gupta,Bengaluru,Karnataka,India,Business,2025-05-07
CUST00984,Diya Gupta,Chennai,Tamil Nadu,India,Enterprise,2025-08-06
CUST00985,Ishita Gupta,New Delhi,Delhi,India,Retail,2025-06-12
CUST00986,Priya Gupta,Ahmedabad,Gujarat,India,Business,2025-08-10
CUST00987,Neha Gupta,Kolkata,West Bengal,India,Enterprise,2025-07-08
CUST00988,Sneha Gupta,Jaipur,Rajasthan,India,Retail,2024-10-11
CUST00989,Meera Gupta,Lucknow,Uttar Pradesh,India,Business,2024-08-09
CUST00990,Kavya Gupta,Kochi,Kerala,India,Enterprise,2025-12-09
CUST00991,Aarav Rao,Hyderabad,Telangana,India,Retail,2024-11-04
CUST00992,Vihaan Rao,Mumbai,Maharashtra,India,Business,2025-05-09
CUST00993,Aditya Rao,Bengaluru,Karnataka,India,Enterprise,2024-06-26
CUST00994,Arjun Rao,Chennai,Tamil Nadu,India,Retail,2025-01-23
CUST00995,Rohan Rao,New Delhi,Delhi,India,Business,2025-04-21
CUST00996,Rahul Rao,Ahmedabad,Gujarat,India,Enterprise,2025-07-17
CUST00997,Kiran Rao,Kolkata,West Bengal,India,Retail,2025-04-18
CUST00998,Ananya Rao,Jaipur,Rajasthan,India,Business,2024-11-20
CUST00999,Diya Rao,Lucknow,Uttar Pradesh,India,Enterprise,2026-05-15
CUST01000,Ishita Rao,Kochi,Kerala,India,Retail,2025-04-06
